Order_ID,Order_Date,Customer_Name,City,Category,Product_Name,Quantity,Price,Total_Amount,Payment_Mode,Delivery_Status,Rating
10001,24/04/2024,Riya Verma,Ahmedabad,Electronics,Laptop,3,2206,6618,NetBanking,Delivered,1
10002,29/04/2024,Riya Singh,Lucknow,Electronics,Laptop,1,1991,1991,NetBanking,Delivered,1
10003,04/01/2024,Myra Gupta,Pune,Clothing,Shoes,5,2478,12390,Card,Delivered,2
10004,13/07/2024,Neha Khan,Delhi,Clothing,Jacket,1,959,959,NetBanking,Delivered,3
10005,30/05/2024,Neha Gupta,Ahmedabad,Electronics,Smartwatch,1,4722,4722,Card,Pending,
10006,10/02/2024,Vihaan Nair,Pune,Electronics,Laptop,2,2570,5140,NetBanking,Pending,
10007,17/04/2024,Neha Patel,Lucknow,Grocery,Oil,3,3110,9330,Card,Delivered,1
10008,23/11/2024,Ananya Sharma,Hyderabad,Clothing,Shoes,4,2411,9644,UPI,Delivered,2
10009,18/04/2024,Pooja Gupta,Hyderabad,Grocery,Snacks,3,742,2226,NetBanking,Cancelled,
10010,12/03/2024,Riya Khan,Ahmedabad,Furniture,Bed,2,2369,4738,NetBanking,Delivered,5
10011,17/09/2024,Vihaan Patel,Bangalore,Furniture,Sofa,2,1333,2666,NetBanking,Delivered,1
10012,27/09/2024,Aarav Verma,Lucknow,Electronics,Smartwatch,4,4034,16136,COD,Delivered,5
10013,21/03/2024,Sara Patel,Lucknow,Grocery,Rice,3,3761,11283,UPI,Delivered,3
10014,19/03/2024,Riya Sharma,Ahmedabad,Grocery,Tea,5,1829,9145,COD,Delivered,2
10015,06/06/2024,Pooja Verma,Mumbai,Furniture,Chair,1,3173,3173,NetBanking,Delivered,2
10016,03/12/2024,Sai Khan,Lucknow,Electronics,Tablet,2,1251,2502,NetBanking,Delivered,5
10017,23/07/2024,Diya Reddy,Lucknow,Clothing,Kurta,2,2753,5506,NetBanking,Cancelled,
10018,22/06/2024,Krishna Singh,Delhi,Electronics,Smartphone,2,724,1448,UPI,Delivered,5
10019,18/06/2024,Ishaan Reddy,Hyderabad,Electronics,Smartphone,1,457,457,Card,Delivered,2
10020,07/04/2024,Diya Nair,Kolkata,Furniture,Table,4,3534,14136,NetBanking,Delivered,4
10021,22/06/2024,Vihaan Singh,Hyderabad,Electronics,Laptop,1,3498,3498,Card,Pending,
10022,22/05/2024,Kiara Verma,Delhi,Furniture,Table,4,1703,6812,UPI,Delivered,1
10023,05/09/2024,Vivaan Patel,Kolkata,Electronics,Smartphone,2,3529,7058,UPI,Delivered,4
10024,04/08/2024,Anika Patel,Hyderabad,Furniture,Sofa,4,2536,10144,COD,Delivered,5
10025,01/02/2024,Vivaan Reddy,Lucknow,Clothing,T-Shirt,5,4641,23205,Card,Delivered,1
10026,05/02/2024,Aadhya Verma,Ahmedabad,Electronics,Tablet,1,1722,1722,Card,Delivered,2
10027,02/12/2024,Ananya Khan,Hyderabad,Electronics,Tablet,1,3634,3634,COD,Delivered,5
10028,09/12/2024,Ananya Verma,Delhi,Clothing,Jacket,4,1272,5088,NetBanking,Delivered,4
10029,16/09/2024,Aditya Singh,Chennai,Electronics,Laptop,5,1946,9730,COD,Delivered,3
10030,09/11/2024,Sara Sharma,Lucknow,Clothing,Shoes,5,2678,13390,COD,Cancelled,
10031,24/02/2024,Ishaan Khan,Ahmedabad,Electronics,Smartphone,3,1145,3435,Card,Delivered,2
10032,07/09/2024,Aditya Nair,Pune,Grocery,Oil,3,4340,13020,UPI,Delivered,1
10033,23/03/2024,Myra Sharma,Mumbai,Electronics,Headphones,2,2345,4690,UPI,Delivered,5
10034,25/10/2024,Arjun Sharma,Pune,Clothing,Kurta,1,3224,3224,COD,Delivered,4
10035,07/12/2024,Myra Patel,Hyderabad,Electronics,Headphones,2,2244,4488,Card,Delivered,5
10036,19/06/2024,Myra Singh,Pune,Clothing,Shoes,1,1669,1669,Card,Pending,
10037,23/04/2024,Diya Khan,Hyderabad,Electronics,Smartwatch,1,4055,4055,Card,Delivered,4
10038,22/05/2024,Ishaan Gupta,Lucknow,Electronics,Smartphone,4,2889,11556,NetBanking,Pending,
10039,01/04/2024,Vivaan Verma,Ahmedabad,Grocery,Rice,1,2339,2339,NetBanking,Delivered,3
10040,29/02/2024,Reyansh Khan,Delhi,Grocery,Milk,4,4389,17556,NetBanking,Delivered,5
10041,05/07/2024,Neha Gupta,Mumbai,Electronics,Tablet,5,1814,9070,COD,Delivered,3
10042,22/12/2024,Reyansh Nair,Kolkata,Grocery,Snacks,3,3496,10488,Card,Delivered,2
10043,04/06/2024,Pooja Gupta,Jaipur,Grocery,Snacks,5,203,1015,NetBanking,Delivered,4
10044,27/03/2024,Sara Gupta,Mumbai,Furniture,Table,5,4076,20380,Card,Delivered,3
10045,13/01/2024,Neha Verma,Jaipur,Grocery,Oil,2,1407,2814,NetBanking,Delivered,4
10046,04/05/2024,Vihaan Nair,Hyderabad,Clothing,Shoes,4,3473,13892,Card,Delivered,1
10047,03/03/2024,Sara Gupta,Jaipur,Furniture,Chair,5,2241,11205,NetBanking,Delivered,4
10048,12/05/2024,Sara Reddy,Hyderabad,Furniture,Table,4,3886,15544,COD,Delivered,3
10049,19/05/2024,Aditya Patel,Bangalore,Furniture,Chair,3,2120,6360,Card,Delivered,5
10050,31/07/2024,Kiara Nair,Delhi,Furniture,Table,2,726,1452,Card,Delivered,5
10051,21/10/2024,Diya Khan,Kolkata,Furniture,Bed,5,360,1800,NetBanking,Delivered,1
10052,11/08/2024,Ananya Nair,Bangalore,Clothing,Shoes,2,2435,4870,NetBanking,Delivered,4
10053,20/07/2024,Aditya Nair,Bangalore,Clothing,Kurta,5,420,2100,NetBanking,Delivered,1
10054,16/06/2024,Ananya Nair,Pune,Clothing,T-Shirt,3,3305,9915,NetBanking,Delivered,3
10055,03/10/2024,Krishna Verma,Delhi,Grocery,Rice,4,358,1432,UPI,Delivered,3
10056,02/05/2024,Pooja Singh,Jaipur,Clothing,Jeans,1,1448,1448,COD,Delivered,1
10057,24/03/2024,Vihaan Sharma,Pune,Grocery,Oil,5,1138,5690,NetBanking,Cancelled,
10058,22/02/2024,Neha Verma,Ahmedabad,Furniture,Table,1,2189,2189,UPI,Delivered,3
10059,05/02/2024,Aarav Nair,Jaipur,Grocery,Tea,4,3235,12940,UPI,Delivered,3
10060,10/08/2024,Ishaan Reddy,Jaipur,Furniture,Sofa,4,1453,5812,NetBanking,Delivered,5
10061,22/05/2024,Krishna Reddy,Ahmedabad,Grocery,Milk,2,909,1818,NetBanking,Pending,
10062,03/04/2024,Ishaan Gupta,Pune,Grocery,Rice,4,2862,11448,COD,Delivered,3
10063,03/05/2024,Riya Singh,Jaipur,Electronics,Tablet,2,901,1802,NetBanking,Delivered,4
10064,23/04/2024,Shaurya Gupta,Jaipur,Furniture,Chair,1,2610,2610,COD,Delivered,2
10065,25/12/2024,Ishaan Singh,Mumbai,Furniture,Shelf,3,3082,9246,Card,Delivered,3
10066,08/04/2024,Ishaan Khan,Mumbai,Grocery,Rice,5,1716,8580,Card,Delivered,4
10067,03/06/2024,Arjun Khan,Delhi,Grocery,Oil,3,1669,5007,UPI,Delivered,5
10068,07/01/2024,Anika Reddy,Chennai,Grocery,Oil,4,1040,4160,Card,Delivered,4
10069,03/02/2024,Pooja Sharma,Bangalore,Electronics,Headphones,4,1134,4536,Card,Delivered,1
10070,12/10/2024,Neha Singh,Lucknow,Grocery,Rice,2,1170,2340,NetBanking,Delivered,5
10071,05/06/2024,Neha Verma,Hyderabad,Furniture,Bed,3,3712,11136,Card,Delivered,1
10072,29/03/2024,Aarav Nair,Jaipur,Grocery,Rice,2,2164,4328,NetBanking,Delivered,2
10073,27/12/2024,Aditya Singh,Pune,Grocery,Rice,2,2560,5120,Card,Delivered,4
10074,27/11/2024,Arjun Verma,Delhi,Furniture,Chair,5,2041,10205,Card,Delivered,3
10075,12/08/2024,Aadhya Khan,Lucknow,Grocery,Tea,5,2564,12820,NetBanking,Delivered,3
10076,09/08/2024,Ishaan Sharma,Mumbai,Furniture,Chair,5,526,2630,Card,Delivered,5
10077,30/03/2024,Ishaan Patel,Ahmedabad,Electronics,Headphones,5,529,2645,NetBanking,Delivered,4
10078,28/07/2024,Sai Gupta,Kolkata,Furniture,Chair,4,3050,12200,NetBanking,Delivered,1
10079,20/08/2024,Ananya Verma,Kolkata,Grocery,Snacks,5,500,2500,UPI,Delivered,3
10080,22/09/2024,Kiara Sharma,Hyderabad,Furniture,Bed,1,1736,1736,COD,Delivered,4
10081,03/03/2024,Krishna Patel,Pune,Clothing,Jacket,4,4170,16680,UPI,Delivered,5
10082,24/08/2024,Arjun Reddy,Pune,Furniture,Chair,2,1129,2258,COD,Cancelled,
10083,21/08/2024,Reyansh Patel,Mumbai,Furniture,Bed,4,2196,8784,COD,Delivered,4
10084,02/01/2024,Pooja Reddy,Bangalore,Furniture,Sofa,5,2388,11940,NetBanking,Delivered,3
10085,05/10/2024,Reyansh Singh,Ahmedabad,Furniture,Sofa,3,4721,14163,NetBanking,Delivered,3
10086,30/08/2024,Aadhya Patel,Jaipur,Clothing,Shoes,1,2806,2806,UPI,Delivered,4
10087,21/02/2024,Kiara Verma,Lucknow,Clothing,Kurta,5,2919,14595,NetBanking,Pending,
10088,08/02/2024,Ananya Nair,Mumbai,Electronics,Smartphone,4,1464,5856,COD,Delivered,3
10089,19/01/2024,Shaurya Singh,Mumbai,Furniture,Sofa,4,4632,18528,NetBanking,Delivered,2
10090,21/12/2024,Vivaan Gupta,Delhi,Electronics,Laptop,4,1562,6248,COD,Delivered,1
10091,05/05/2024,Sai Patel,Bangalore,Grocery,Milk,4,1392,5568,UPI,Delivered,5
10092,25/10/2024,Ishaan Reddy,Pune,Furniture,Shelf,2,4276,8552,UPI,Delivered,4
10093,07/02/2024,Pooja Khan,Kolkata,Furniture,Sofa,5,1494,7470,COD,Delivered,3
10094,04/09/2024,Pooja Gupta,Ahmedabad,Furniture,Sofa,2,3351,6702,COD,Delivered,4
10095,05/01/2024,Neha Reddy,Pune,Grocery,Rice,4,2448,9792,Card,Delivered,1
10096,13/12/2024,Vihaan Sharma,Pune,Grocery,Oil,2,2253,4506,NetBanking,Delivered,2
10097,16/02/2024,Ananya Nair,Bangalore,Electronics,Tablet,3,1276,3828,Card,Cancelled,
10098,13/09/2024,Sai Khan,Jaipur,Clothing,Kurta,3,4548,13644,COD,Cancelled,
10099,13/03/2024,Aadhya Gupta,Mumbai,Grocery,Rice,4,816,3264,NetBanking,Delivered,2
10100,20/08/2024,Pooja Nair,Chennai,Electronics,Headphones,5,1212,6060,UPI,Delivered,3
10101,16/06/2024,Krishna Verma,Jaipur,Clothing,Shoes,1,4799,4799,COD,Cancelled,
10102,20/01/2024,Vihaan Verma,Hyderabad,Furniture,Chair,2,571,1142,Card,Delivered,4
10103,02/08/2024,Myra Verma,Jaipur,Furniture,Bed,3,4625,13875,NetBanking,Delivered,2
10104,15/08/2024,Diya Verma,Chennai,Grocery,Rice,3,1979,5937,COD,Delivered,2
10105,03/03/2024,Kiara Verma,Hyderabad,Electronics,Smartwatch,3,1754,5262,UPI,Cancelled,
10106,16/10/2024,Reyansh Singh,Hyderabad,Electronics,Headphones,2,1231,2462,COD,Delivered,5
10107,15/03/2024,Riya Khan,Bangalore,Clothing,Kurta,1,2471,2471,UPI,Cancelled,
10108,01/05/2024,Sai Khan,Delhi,Electronics,Smartphone,1,3134,3134,Card,Delivered,1
10109,31/08/2024,Sara Verma,Jaipur,Furniture,Shelf,1,720,720,Card,Delivered,3
10110,25/11/2024,Vivaan Reddy,Kolkata,Electronics,Tablet,3,3952,11856,NetBanking,Cancelled,
10111,11/02/2024,Aditya Patel,Pune,Electronics,Smartwatch,4,802,3208,COD,Delivered,2
10112,20/08/2024,Vihaan Verma,Lucknow,Furniture,Shelf,5,2615,13075,Card,Delivered,4
10113,22/06/2024,Aadhya Nair,Mumbai,Furniture,Bed,2,3589,7178,COD,Pending,
10114,19/03/2024,Aditya Verma,Mumbai,Furniture,Sofa,3,3266,9798,UPI,Delivered,4
10115,11/10/2024,Riya Gupta,Mumbai,Furniture,Chair,3,1265,3795,NetBanking,Delivered,5
10116,03/11/2024,Pooja Singh,Bangalore,Grocery,Snacks,1,2556,2556,NetBanking,Delivered,1
10117,07/07/2024,Pooja Singh,Kolkata,Clothing,T-Shirt,3,4756,14268,UPI,Delivered,3
10118,25/12/2024,Diya Sharma,Bangalore,Grocery,Rice,2,2438,4876,Card,Delivered,3
10119,16/02/2024,Aadhya Nair,Jaipur,Furniture,Chair,2,451,902,COD,Delivered,2
10120,17/10/2024,Arjun Patel,Ahmedabad,Clothing,Jacket,3,2857,8571,UPI,Delivered,1
10121,05/09/2024,Ishaan Singh,Lucknow,Electronics,Headphones,4,3673,14692,UPI,Delivered,4
10122,13/12/2024,Sara Khan,Delhi,Grocery,Snacks,1,2520,2520,Card,Delivered,4
10123,14/04/2024,Arjun Khan,Pune,Furniture,Shelf,1,262,262,COD,Delivered,2
10124,30/03/2024,Krishna Gupta,Mumbai,Electronics,Laptop,4,3727,14908,NetBanking,Delivered,5
10125,09/02/2024,Pooja Nair,Ahmedabad,Electronics,Smartwatch,1,3966,3966,NetBanking,Pending,
10126,11/01/2024,Sai Reddy,Chennai,Furniture,Sofa,1,3518,3518,UPI,Cancelled,
10127,28/10/2024,Aadhya Khan,Chennai,Furniture,Chair,2,3769,7538,Card,Delivered,1
10128,20/11/2024,Reyansh Gupta,Chennai,Grocery,Oil,1,4381,4381,Card,Delivered,5
10129,11/04/2024,Aditya Patel,Jaipur,Clothing,T-Shirt,2,2296,4592,NetBanking,Delivered,2
10130,17/11/2024,Aditya Reddy,Jaipur,Furniture,Shelf,5,2847,14235,COD,Delivered,4
10131,16/09/2024,Kiara Sharma,Delhi,Grocery,Tea,1,3083,3083,COD,Delivered,4
10132,15/07/2024,Vivaan Reddy,Ahmedabad,Grocery,Rice,1,4353,4353,Card,Delivered,5
10133,18/03/2024,Kiara Verma,Chennai,Grocery,Tea,4,4307,17228,UPI,Cancelled,
10134,12/08/2024,Sai Gupta,Chennai,Clothing,T-Shirt,2,3786,7572,COD,Delivered,5
10135,19/11/2024,Ananya Verma,Lucknow,Furniture,Bed,3,628,1884,NetBanking,Delivered,1
10136,19/06/2024,Diya Khan,Kolkata,Grocery,Milk,5,1431,7155,Card,Delivered,2
10137,25/11/2024,Arjun Verma,Kolkata,Electronics,Headphones,5,3285,16425,COD,Pending,
10138,19/04/2024,Reyansh Singh,Bangalore,Electronics,Headphones,3,1676,5028,Card,Delivered,4
10139,03/10/2024,Sara Sharma,Chennai,Electronics,Headphones,1,4358,4358,Card,Pending,
10140,20/12/2024,Kiara Sharma,Kolkata,Furniture,Table,2,1681,3362,COD,Delivered,2
10141,17/08/2024,Shaurya Reddy,Hyderabad,Clothing,Shoes,5,2534,12670,COD,Delivered,2
10142,14/09/2024,Reyansh Patel,Pune,Furniture,Bed,3,3328,9984,UPI,Delivered,2
10143,30/12/2024,Vihaan Khan,Mumbai,Furniture,Sofa,5,1040,5200,Card,Pending,
10144,11/08/2024,Kiara Gupta,Delhi,Grocery,Snacks,5,1407,7035,NetBanking,Delivered,2
10145,30/04/2024,Diya Singh,Delhi,Electronics,Smartwatch,5,3263,16315,COD,Delivered,1
10146,20/01/2024,Arjun Reddy,Jaipur,Electronics,Headphones,2,1327,2654,UPI,Delivered,4
10147,17/03/2024,Sara Nair,Mumbai,Electronics,Laptop,3,1966,5898,COD,Delivered,5
10148,02/05/2024,Kiara Verma,Mumbai,Clothing,Jacket,1,591,591,NetBanking,Delivered,5
10149,14/03/2024,Neha Gupta,Hyderabad,Electronics,Tablet,5,2181,10905,NetBanking,Delivered,1
10150,04/02/2024,Riya Sharma,Kolkata,Clothing,T-Shirt,5,3154,15770,NetBanking,Cancelled,
10151,09/01/2024,Diya Singh,Mumbai,Electronics,Smartwatch,3,2277,6831,COD,Delivered,1
10152,22/06/2024,Sai Reddy,Jaipur,Clothing,T-Shirt,3,4672,14016,Card,Pending,
10153,30/05/2024,Vivaan Gupta,Pune,Clothing,T-Shirt,4,502,2008,NetBanking,Delivered,2
10154,26/05/2024,Ananya Khan,Mumbai,Furniture,Sofa,1,1765,1765,COD,Delivered,1
10155,22/06/2024,Anika Reddy,Chennai,Furniture,Bed,4,3367,13468,COD,Cancelled,
10156,04/11/2024,Sai Khan,Chennai,Electronics,Smartwatch,1,3727,3727,UPI,Cancelled,
10157,16/08/2024,Sai Reddy,Chennai,Electronics,Headphones,3,2710,8130,NetBanking,Delivered,4
10158,20/05/2024,Aditya Nair,Chennai,Electronics,Headphones,5,3763,18815,Card,Delivered,1
10159,18/01/2024,Diya Gupta,Kolkata,Electronics,Smartphone,5,3789,18945,UPI,Delivered,2
10160,15/08/2024,Arjun Gupta,Kolkata,Clothing,Shoes,3,3247,9741,COD,Delivered,5
10161,05/04/2024,Riya Verma,Pune,Grocery,Oil,1,412,412,COD,Delivered,4
10162,21/12/2024,Anika Singh,Mumbai,Furniture,Table,5,2539,12695,Card,Cancelled,
10163,14/02/2024,Ananya Gupta,Mumbai,Electronics,Smartwatch,2,3846,7692,COD,Pending,
10164,17/09/2024,Arjun Singh,Jaipur,Grocery,Oil,2,3161,6322,UPI,Delivered,2
10165,27/08/2024,Riya Patel,Ahmedabad,Grocery,Tea,5,3222,16110,UPI,Pending,
10166,26/09/2024,Pooja Verma,Bangalore,Electronics,Headphones,4,4121,16484,COD,Delivered,4
10167,25/06/2024,Pooja Patel,Bangalore,Electronics,Smartwatch,4,4438,17752,NetBanking,Delivered,5
10168,04/06/2024,Krishna Gupta,Lucknow,Electronics,Laptop,5,1453,7265,COD,Delivered,3
10169,20/05/2024,Neha Verma,Lucknow,Electronics,Headphones,2,4712,9424,Card,Delivered,3
10170,15/10/2024,Aditya Sharma,Ahmedabad,Clothing,Jeans,5,2965,14825,COD,Delivered,1
10171,11/09/2024,Riya Khan,Pune,Clothing,Kurta,4,448,1792,NetBanking,Pending,
10172,07/02/2024,Kiara Nair,Jaipur,Clothing,Shoes,3,3915,11745,NetBanking,Delivered,2
10173,09/06/2024,Ananya Gupta,Kolkata,Clothing,Jacket,5,1376,6880,Card,Pending,
10174,12/06/2024,Ishaan Reddy,Hyderabad,Grocery,Tea,5,1069,5345,Card,Delivered,1
10175,11/11/2024,Ananya Gupta,Hyderabad,Electronics,Laptop,3,3346,10038,Card,Delivered,2
10176,06/06/2024,Aadhya Reddy,Hyderabad,Furniture,Shelf,4,4285,17140,Card,Delivered,1
10177,10/09/2024,Shaurya Sharma,Mumbai,Grocery,Rice,1,2504,2504,NetBanking,Delivered,4
10178,06/07/2024,Pooja Singh,Chennai,Clothing,Jacket,3,3503,10509,COD,Delivered,1
10179,08/10/2024,Neha Verma,Bangalore,Electronics,Smartwatch,5,3889,19445,UPI,Delivered,5
10180,06/07/2024,Neha Nair,Lucknow,Furniture,Sofa,3,4769,14307,UPI,Delivered,2
10181,30/08/2024,Neha Patel,Chennai,Electronics,Laptop,2,2928,5856,COD,Delivered,2
10182,30/10/2024,Riya Reddy,Ahmedabad,Clothing,Shoes,5,2651,13255,COD,Delivered,5
10183,10/12/2024,Pooja Khan,Delhi,Furniture,Chair,3,2913,8739,NetBanking,Delivered,4
10184,27/01/2024,Sara Nair,Bangalore,Grocery,Tea,5,2064,10320,Card,Delivered,2
10185,10/01/2024,Arjun Nair,Hyderabad,Electronics,Tablet,1,1762,1762,NetBanking,Delivered,4
10186,16/04/2024,Sara Nair,Chennai,Furniture,Chair,2,4449,8898,Card,Delivered,4
10187,30/06/2024,Neha Reddy,Hyderabad,Furniture,Shelf,3,4675,14025,Card,Delivered,3
10188,01/06/2024,Anika Gupta,Jaipur,Grocery,Tea,3,2042,6126,COD,Delivered,2
10189,12/12/2024,Diya Patel,Pune,Grocery,Milk,1,4897,4897,UPI,Delivered,4
10190,01/12/2024,Reyansh Singh,Lucknow,Grocery,Rice,3,3823,11469,COD,Delivered,4
10191,04/05/2024,Krishna Singh,Delhi,Grocery,Oil,1,2160,2160,UPI,Delivered,5
10192,14/12/2024,Riya Patel,Kolkata,Furniture,Sofa,4,1023,4092,NetBanking,Delivered,1
10193,26/05/2024,Pooja Singh,Lucknow,Furniture,Table,3,2831,8493,UPI,Delivered,1
10194,22/07/2024,Sai Khan,Delhi,Clothing,Shoes,2,497,994,UPI,Pending,
10195,20/06/2024,Sara Reddy,Bangalore,Grocery,Tea,5,1079,5395,NetBanking,Delivered,5
10196,24/03/2024,Sai Sharma,Chennai,Grocery,Oil,1,2908,2908,COD,Delivered,3
10197,06/08/2024,Aadhya Verma,Bangalore,Clothing,Jeans,5,3521,17605,Card,Delivered,1
10198,13/05/2024,Ishaan Gupta,Pune,Furniture,Sofa,2,255,510,UPI,Delivered,4
10199,07/12/2024,Sai Nair,Lucknow,Grocery,Milk,2,708,1416,COD,Delivered,3
10200,22/04/2024,Anika Patel,Jaipur,Electronics,Headphones,3,2009,6027,COD,Cancelled,
10201,06/12/2024,Krishna Verma,Lucknow,Furniture,Shelf,4,4603,18412,NetBanking,Pending,
10202,01/02/2024,Sara Singh,Ahmedabad,Grocery,Rice,5,1119,5595,Card,Pending,
10203,29/02/2024,Anika Verma,Lucknow,Clothing,Jacket,5,3819,19095,NetBanking,Delivered,5
10204,31/07/2024,Riya Reddy,Pune,Electronics,Smartwatch,2,4404,8808,UPI,Delivered,1
10205,23/10/2024,Diya Verma,Lucknow,Furniture,Sofa,1,1985,1985,UPI,Delivered,4
10206,28/07/2024,Myra Gupta,Kolkata,Electronics,Smartwatch,1,2551,2551,NetBanking,Delivered,2
10207,09/03/2024,Vihaan Patel,Lucknow,Furniture,Bed,1,4617,4617,NetBanking,Delivered,3
10208,01/06/2024,Myra Nair,Hyderabad,Clothing,Jeans,1,386,386,Card,Delivered,5
10209,06/04/2024,Vihaan Sharma,Kolkata,Furniture,Sofa,2,2458,4916,UPI,Cancelled,
10210,31/10/2024,Vivaan Singh,Delhi,Clothing,Jeans,1,1026,1026,NetBanking,Delivered,5
10211,29/01/2024,Krishna Gupta,Ahmedabad,Furniture,Table,5,1979,9895,COD,Delivered,3
10212,23/04/2024,Vivaan Patel,Kolkata,Clothing,Jacket,2,4470,8940,NetBanking,Delivered,3
10213,12/06/2024,Arjun Khan,Kolkata,Electronics,Headphones,4,4496,17984,Card,Delivered,4
10214,28/12/2024,Vivaan Nair,Kolkata,Furniture,Table,2,2663,5326,Card,Delivered,4
10215,18/06/2024,Diya Verma,Lucknow,Furniture,Table,3,1865,5595,Card,Delivered,4
10216,07/02/2024,Riya Singh,Jaipur,Electronics,Headphones,4,523,2092,Card,Delivered,5
10217,07/04/2024,Vihaan Reddy,Hyderabad,Grocery,Milk,1,1935,1935,Card,Cancelled,
10218,24/05/2024,Diya Khan,Pune,Furniture,Table,5,2834,14170,COD,Delivered,5
10219,12/06/2024,Diya Gupta,Kolkata,Furniture,Bed,1,4046,4046,UPI,Cancelled,
10220,10/10/2024,Pooja Nair,Pune,Clothing,Jeans,1,2336,2336,Card,Cancelled,
10221,18/10/2024,Anika Gupta,Pune,Clothing,Jacket,2,3311,6622,NetBanking,Pending,
10222,27/03/2024,Anika Patel,Lucknow,Furniture,Bed,2,3085,6170,UPI,Delivered,5
10223,30/07/2024,Aditya Patel,Delhi,Electronics,Laptop,1,252,252,Card,Delivered,2
10224,03/12/2024,Riya Nair,Delhi,Furniture,Sofa,1,4158,4158,UPI,Delivered,1
10225,14/09/2024,Myra Patel,Mumbai,Grocery,Tea,3,340,1020,UPI,Pending,
10226,09/05/2024,Ishaan Nair,Mumbai,Clothing,Jeans,2,4512,9024,COD,Pending,
10227,22/12/2024,Vivaan Verma,Kolkata,Furniture,Bed,5,2192,10960,NetBanking,Delivered,1
10228,22/11/2024,Aditya Reddy,Kolkata,Furniture,Shelf,4,659,2636,COD,Delivered,2
10229,18/04/2024,Pooja Reddy,Pune,Electronics,Tablet,1,2082,2082,UPI,Cancelled,
10230,02/12/2024,Aarav Singh,Ahmedabad,Electronics,Headphones,5,4816,24080,Card,Delivered,3
10231,15/10/2024,Riya Gupta,Kolkata,Furniture,Chair,3,1530,4590,Card,Delivered,4
10232,20/02/2024,Ananya Nair,Chennai,Electronics,Tablet,3,639,1917,UPI,Delivered,1
10233,01/07/2024,Myra Patel,Ahmedabad,Grocery,Snacks,4,2068,8272,NetBanking,Delivered,4
10234,07/02/2024,Aadhya Patel,Kolkata,Electronics,Tablet,3,2218,6654,COD,Delivered,2
10235,06/06/2024,Vihaan Patel,Mumbai,Grocery,Rice,1,242,242,Card,Delivered,3
10236,19/09/2024,Aditya Gupta,Lucknow,Furniture,Bed,5,4744,23720,UPI,Delivered,1
10237,30/07/2024,Riya Singh,Ahmedabad,Grocery,Snacks,1,2590,2590,Card,Delivered,1
10238,03/06/2024,Aditya Patel,Kolkata,Furniture,Table,2,2402,4804,COD,Delivered,2
10239,03/07/2024,Anika Singh,Jaipur,Furniture,Sofa,4,830,3320,UPI,Delivered,2
10240,19/06/2024,Aadhya Gupta,Jaipur,Clothing,Jacket,1,3441,3441,COD,Pending,
10241,13/06/2024,Anika Gupta,Bangalore,Furniture,Shelf,2,2661,5322,NetBanking,Delivered,2
10242,04/05/2024,Aadhya Gupta,Mumbai,Grocery,Milk,4,4917,19668,Card,Delivered,3
10243,28/12/2024,Aditya Nair,Jaipur,Clothing,Kurta,1,3981,3981,Card,Delivered,3
10244,04/08/2024,Aditya Reddy,Ahmedabad,Grocery,Oil,3,1462,4386,NetBanking,Pending,
10245,05/10/2024,Riya Verma,Mumbai,Furniture,Shelf,5,3626,18130,Card,Delivered,3
10246,15/10/2024,Aadhya Gupta,Kolkata,Grocery,Oil,5,562,2810,UPI,Cancelled,
10247,18/09/2024,Pooja Singh,Jaipur,Electronics,Laptop,3,2018,6054,COD,Delivered,5
10248,18/03/2024,Anika Verma,Pune,Furniture,Bed,5,4299,21495,NetBanking,Delivered,1
10249,08/06/2024,Sara Reddy,Chennai,Electronics,Laptop,2,3053,6106,NetBanking,Delivered,2
10250,04/02/2024,Aarav Gupta,Mumbai,Electronics,Smartwatch,4,2812,11248,Card,Delivered,1
10251,22/03/2024,Kiara Singh,Kolkata,Clothing,Kurta,2,4721,9442,Card,Delivered,4
10252,10/11/2024,Kiara Nair,Kolkata,Clothing,Shoes,4,439,1756,UPI,Pending,
10253,22/10/2024,Sai Gupta,Chennai,Clothing,Jeans,3,712,2136,Card,Delivered,5
10254,27/09/2024,Ananya Nair,Ahmedabad,Furniture,Chair,3,4209,12627,NetBanking,Cancelled,
10255,12/11/2024,Neha Verma,Bangalore,Electronics,Headphones,3,3950,11850,COD,Delivered,3
10256,03/04/2024,Sara Nair,Kolkata,Electronics,Smartphone,3,1158,3474,Card,Delivered,2
10257,21/11/2024,Riya Patel,Jaipur,Furniture,Bed,2,4186,8372,COD,Delivered,2
10258,13/11/2024,Aarav Reddy,Bangalore,Clothing,Jeans,3,3894,11682,Card,Delivered,3
10259,28/07/2024,Kiara Reddy,Bangalore,Furniture,Shelf,5,4254,21270,UPI,Delivered,4
10260,20/05/2024,Sai Reddy,Ahmedabad,Electronics,Smartphone,3,467,1401,NetBanking,Delivered,3
10261,05/10/2024,Diya Sharma,Jaipur,Electronics,Tablet,1,2394,2394,Card,Pending,
10262,17/01/2024,Aditya Reddy,Mumbai,Furniture,Chair,2,2638,5276,Card,Delivered,3
10263,25/03/2024,Reyansh Sharma,Ahmedabad,Clothing,Kurta,3,3707,11121,COD,Delivered,2
10264,14/06/2024,Shaurya Khan,Ahmedabad,Grocery,Tea,5,1579,7895,COD,Cancelled,
10265,21/05/2024,Arjun Patel,Hyderabad,Electronics,Smartphone,4,685,2740,Card,Pending,
10266,13/03/2024,Myra Nair,Jaipur,Grocery,Oil,4,4209,16836,UPI,Delivered,3
10267,21/12/2024,Diya Reddy,Jaipur,Electronics,Smartwatch,5,2479,12395,COD,Cancelled,
10268,02/02/2024,Aadhya Singh,Kolkata,Electronics,Laptop,4,3134,12536,Card,Pending,
10269,21/06/2024,Pooja Reddy,Chennai,Furniture,Sofa,3,2523,7569,UPI,Delivered,2
10270,04/03/2024,Sai Reddy,Jaipur,Electronics,Laptop,4,333,1332,UPI,Cancelled,
10271,22/03/2024,Ishaan Verma,Chennai,Furniture,Table,2,2672,5344,COD,Pending,
10272,21/07/2024,Myra Verma,Mumbai,Electronics,Headphones,2,624,1248,UPI,Delivered,2
10273,30/10/2024,Aarav Sharma,Chennai,Clothing,Shoes,1,1287,1287,UPI,Delivered,4
10274,27/04/2024,Vihaan Gupta,Chennai,Furniture,Table,4,780,3120,COD,Delivered,1
10275,05/02/2024,Neha Patel,Jaipur,Clothing,Shoes,2,1370,2740,COD,Delivered,1
10276,21/04/2024,Arjun Verma,Ahmedabad,Clothing,Jeans,4,3824,15296,NetBanking,Delivered,1
10277,06/05/2024,Krishna Khan,Delhi,Grocery,Snacks,3,1345,4035,COD,Delivered,1
10278,06/04/2024,Vivaan Singh,Jaipur,Clothing,Kurta,5,4374,21870,NetBanking,Delivered,3
10279,27/09/2024,Aarav Gupta,Chennai,Electronics,Smartphone,4,781,3124,Card,Pending,
10280,06/10/2024,Aditya Sharma,Ahmedabad,Furniture,Shelf,4,3193,12772,UPI,Delivered,4
10281,31/01/2024,Aadhya Khan,Lucknow,Electronics,Headphones,2,526,1052,NetBanking,Cancelled,
10282,02/10/2024,Aditya Khan,Mumbai,Furniture,Bed,1,4595,4595,Card,Delivered,3
10283,27/10/2024,Shaurya Nair,Hyderabad,Clothing,Kurta,3,3400,10200,UPI,Delivered,1
10284,20/08/2024,Shaurya Patel,Mumbai,Clothing,T-Shirt,4,1150,4600,UPI,Delivered,1
10285,26/06/2024,Sai Gupta,Bangalore,Clothing,T-Shirt,2,4266,8532,COD,Delivered,3
10286,19/05/2024,Pooja Verma,Jaipur,Electronics,Laptop,3,3717,11151,NetBanking,Delivered,3
10287,26/03/2024,Vihaan Verma,Hyderabad,Grocery,Rice,4,4843,19372,UPI,Delivered,3
10288,29/08/2024,Sai Sharma,Lucknow,Electronics,Laptop,2,576,1152,NetBanking,Delivered,2
10289,12/06/2024,Pooja Gupta,Mumbai,Clothing,Jacket,2,3609,7218,UPI,Delivered,1
10290,24/07/2024,Shaurya Khan,Chennai,Clothing,Jeans,5,576,2880,UPI,Delivered,4
10291,29/05/2024,Neha Singh,Jaipur,Furniture,Chair,3,1843,5529,COD,Delivered,3
10292,18/03/2024,Aarav Singh,Lucknow,Furniture,Table,5,2208,11040,COD,Delivered,4
10293,06/06/2024,Krishna Nair,Jaipur,Electronics,Headphones,1,3282,3282,UPI,Delivered,5
10294,28/04/2024,Sara Nair,Chennai,Clothing,Jacket,1,559,559,NetBanking,Pending,
10295,09/03/2024,Aditya Sharma,Kolkata,Electronics,Tablet,1,4340,4340,Card,Delivered,4
10296,20/07/2024,Ananya Reddy,Pune,Clothing,Jacket,3,2780,8340,Card,Delivered,3
10297,25/02/2024,Kiara Reddy,Chennai,Electronics,Smartphone,2,4989,9978,NetBanking,Delivered,2
10298,19/08/2024,Vihaan Verma,Bangalore,Electronics,Tablet,3,1900,5700,COD,Delivered,3
10299,16/02/2024,Aadhya Sharma,Pune,Electronics,Smartphone,3,1415,4245,COD,Delivered,3
10300,11/10/2024,Vihaan Reddy,Mumbai,Clothing,T-Shirt,4,3904,15616,Card,Delivered,2
10301,07/03/2024,Diya Verma,Ahmedabad,Electronics,Laptop,1,2020,2020,COD,Delivered,4
10302,26/11/2024,Aditya Gupta,Mumbai,Electronics,Laptop,1,1819,1819,UPI,Delivered,2
10303,09/08/2024,Aadhya Reddy,Delhi,Furniture,Chair,2,4901,9802,NetBanking,Pending,
10304,05/04/2024,Arjun Sharma,Ahmedabad,Furniture,Table,3,1958,5874,Card,Delivered,4
10305,02/09/2024,Aadhya Patel,Kolkata,Grocery,Snacks,4,4711,18844,Card,Delivered,3
10306,02/07/2024,Diya Gupta,Kolkata,Clothing,Kurta,1,3333,3333,COD,Delivered,4
10307,16/01/2024,Ishaan Sharma,Jaipur,Clothing,T-Shirt,3,1994,5982,COD,Pending,
10308,02/12/2024,Vivaan Singh,Ahmedabad,Clothing,Jeans,1,2230,2230,NetBanking,Delivered,5
10309,30/10/2024,Pooja Sharma,Chennai,Grocery,Oil,2,2137,4274,Card,Delivered,3
10310,30/03/2024,Vivaan Singh,Ahmedabad,Clothing,Shoes,5,2731,13655,Card,Delivered,1
10311,18/06/2024,Reyansh Patel,Chennai,Electronics,Tablet,4,205,820,Card,Cancelled,
10312,27/10/2024,Vihaan Gupta,Mumbai,Grocery,Rice,1,1410,1410,COD,Delivered,2
10313,03/06/2024,Myra Reddy,Chennai,Furniture,Shelf,1,2957,2957,Card,Delivered,2
10314,12/07/2024,Arjun Patel,Delhi,Grocery,Oil,5,1636,8180,NetBanking,Delivered,3
10315,09/11/2024,Vihaan Reddy,Bangalore,Electronics,Smartphone,5,2806,14030,COD,Delivered,5
10316,26/03/2024,Ananya Reddy,Delhi,Electronics,Smartphone,3,2817,8451,COD,Delivered,1
10317,11/05/2024,Aarav Sharma,Kolkata,Clothing,Jeans,1,3071,3071,NetBanking,Pending,
10318,12/07/2024,Vihaan Reddy,Ahmedabad,Furniture,Table,4,4239,16956,Card,Delivered,4
10319,30/05/2024,Vihaan Verma,Chennai,Clothing,Shoes,1,473,473,Card,Delivered,3
10320,17/02/2024,Anika Sharma,Kolkata,Furniture,Table,1,4681,4681,Card,Delivered,5
10321,18/06/2024,Myra Khan,Pune,Furniture,Table,1,1029,1029,COD,Delivered,2
10322,19/10/2024,Arjun Sharma,Chennai,Clothing,T-Shirt,1,3418,3418,UPI,Delivered,4
10323,12/04/2024,Sai Khan,Mumbai,Furniture,Chair,3,4134,12402,NetBanking,Delivered,2
10324,07/09/2024,Ishaan Verma,Lucknow,Electronics,Headphones,4,4057,16228,NetBanking,Pending,
10325,05/04/2024,Kiara Reddy,Pune,Clothing,Jacket,4,3226,12904,Card,Delivered,3
10326,22/12/2024,Diya Nair,Ahmedabad,Grocery,Tea,1,1438,1438,Card,Delivered,1
10327,01/10/2024,Pooja Singh,Jaipur,Electronics,Smartwatch,5,3629,18145,COD,Delivered,4
10328,19/10/2024,Pooja Patel,Mumbai,Electronics,Smartwatch,1,4313,4313,NetBanking,Cancelled,
10329,05/03/2024,Myra Singh,Bangalore,Clothing,Jeans,2,1778,3556,COD,Delivered,1
10330,11/10/2024,Ishaan Reddy,Delhi,Grocery,Rice,1,3379,3379,NetBanking,Delivered,3
10331,17/10/2024,Vihaan Verma,Pune,Electronics,Smartwatch,2,1414,2828,COD,Delivered,1
10332,19/10/2024,Sai Khan,Kolkata,Furniture,Sofa,4,4177,16708,Card,Delivered,1
10333,19/12/2024,Ishaan Gupta,Delhi,Furniture,Chair,4,2915,11660,COD,Delivered,4
10334,22/12/2024,Arjun Khan,Jaipur,Grocery,Milk,3,4227,12681,COD,Delivered,2
10335,06/04/2024,Anika Gupta,Delhi,Grocery,Snacks,5,931,4655,Card,Delivered,4
10336,10/03/2024,Sara Sharma,Bangalore,Electronics,Headphones,5,3504,17520,Card,Pending,
10337,21/08/2024,Reyansh Khan,Chennai,Clothing,T-Shirt,2,470,940,NetBanking,Delivered,3
10338,09/07/2024,Sai Reddy,Ahmedabad,Furniture,Chair,1,2181,2181,COD,Delivered,4
10339,25/05/2024,Sai Singh,Hyderabad,Grocery,Oil,3,940,2820,Card,Delivered,1
10340,11/01/2024,Aarav Reddy,Bangalore,Clothing,Jacket,4,4404,17616,Card,Pending,
10341,30/12/2024,Ishaan Nair,Kolkata,Electronics,Smartphone,3,2702,8106,COD,Cancelled,
10342,03/06/2024,Aadhya Verma,Delhi,Furniture,Sofa,2,4023,8046,COD,Delivered,5
10343,02/02/2024,Ananya Khan,Pune,Grocery,Milk,1,4146,4146,COD,Delivered,3
10344,30/01/2024,Neha Nair,Chennai,Clothing,Jeans,5,2168,10840,Card,Pending,
10345,02/08/2024,Pooja Singh,Chennai,Electronics,Smartwatch,3,2325,6975,Card,Delivered,1
10346,28/03/2024,Riya Patel,Pune,Furniture,Sofa,5,2659,13295,UPI,Pending,
10347,03/04/2024,Ananya Verma,Hyderabad,Furniture,Table,3,4779,14337,COD,Cancelled,
10348,09/07/2024,Kiara Verma,Jaipur,Clothing,Jacket,4,2914,11656,UPI,Delivered,3
10349,02/03/2024,Aadhya Khan,Kolkata,Electronics,Smartwatch,2,4299,8598,UPI,Pending,
10350,28/07/2024,Kiara Patel,Chennai,Clothing,Jeans,2,3007,6014,Card,Cancelled,
10351,09/06/2024,Kiara Khan,Hyderabad,Electronics,Smartwatch,3,1648,4944,Card,Delivered,1
10352,10/11/2024,Aadhya Nair,Jaipur,Clothing,Shoes,1,1260,1260,NetBanking,Delivered,4
10353,10/07/2024,Ananya Singh,Delhi,Electronics,Laptop,5,1833,9165,UPI,Cancelled,
10354,07/03/2024,Pooja Khan,Bangalore,Clothing,Jeans,3,2756,8268,UPI,Delivered,5
10355,23/09/2024,Myra Patel,Chennai,Electronics,Headphones,3,3934,11802,NetBanking,Delivered,3
10356,10/01/2024,Reyansh Sharma,Ahmedabad,Grocery,Oil,2,3504,7008,Card,Delivered,2
10357,23/11/2024,Neha Sharma,Ahmedabad,Electronics,Headphones,1,3273,3273,UPI,Delivered,5
10358,01/08/2024,Riya Khan,Jaipur,Electronics,Laptop,1,1148,1148,Card,Delivered,1
10359,04/12/2024,Ishaan Patel,Kolkata,Clothing,T-Shirt,3,3647,10941,UPI,Delivered,5
10360,11/09/2024,Ishaan Singh,Chennai,Electronics,Headphones,1,1070,1070,NetBanking,Delivered,2
10361,11/09/2024,Anika Gupta,Hyderabad,Grocery,Oil,1,4690,4690,UPI,Cancelled,
10362,08/12/2024,Sara Verma,Mumbai,Electronics,Laptop,1,4903,4903,COD,Delivered,1
10363,25/08/2024,Vivaan Khan,Chennai,Clothing,Shoes,3,2363,7089,COD,Delivered,2
10364,05/01/2024,Sai Gupta,Chennai,Furniture,Chair,1,575,575,NetBanking,Pending,
10365,03/04/2024,Kiara Khan,Kolkata,Grocery,Rice,3,3007,9021,NetBanking,Delivered,4
10366,22/12/2024,Vihaan Nair,Ahmedabad,Furniture,Table,1,1285,1285,NetBanking,Delivered,2
10367,02/07/2024,Anika Reddy,Mumbai,Furniture,Table,5,3310,16550,NetBanking,Delivered,2
10368,01/12/2024,Pooja Singh,Chennai,Furniture,Chair,1,2343,2343,UPI,Delivered,5
10369,05/12/2024,Arjun Sharma,Delhi,Furniture,Table,4,3032,12128,Card,Delivered,4
10370,08/09/2024,Ishaan Sharma,Lucknow,Furniture,Bed,2,813,1626,Card,Delivered,3
10371,23/08/2024,Kiara Verma,Jaipur,Furniture,Bed,2,845,1690,NetBanking,Delivered,5
10372,22/02/2024,Riya Sharma,Mumbai,Grocery,Rice,4,345,1380,COD,Delivered,1
10373,28/01/2024,Kiara Gupta,Lucknow,Clothing,Shoes,3,3176,9528,NetBanking,Pending,
10374,03/12/2024,Diya Khan,Lucknow,Grocery,Snacks,1,998,998,COD,Delivered,3
10375,12/03/2024,Myra Verma,Pune,Electronics,Laptop,2,4233,8466,Card,Pending,
10376,22/08/2024,Reyansh Gupta,Mumbai,Clothing,T-Shirt,4,1966,7864,NetBanking,Pending,
10377,22/08/2024,Arjun Reddy,Delhi,Electronics,Tablet,1,3890,3890,UPI,Delivered,5
10378,31/03/2024,Arjun Verma,Kolkata,Furniture,Shelf,4,4364,17456,COD,Delivered,2
10379,20/05/2024,Shaurya Reddy,Bangalore,Furniture,Bed,5,2233,11165,Card,Delivered,3
10380,25/12/2024,Riya Singh,Hyderabad,Furniture,Shelf,5,2648,13240,Card,Delivered,3
10381,14/09/2024,Vihaan Gupta,Lucknow,Grocery,Milk,2,1656,3312,NetBanking,Delivered,3
10382,07/01/2024,Aadhya Patel,Delhi,Furniture,Shelf,3,3660,10980,UPI,Delivered,1
10383,15/12/2024,Shaurya Singh,Lucknow,Clothing,Jacket,2,2547,5094,UPI,Delivered,1
10384,24/04/2024,Aadhya Singh,Lucknow,Grocery,Snacks,1,4802,4802,COD,Delivered,5
10385,16/12/2024,Vivaan Sharma,Pune,Electronics,Smartwatch,4,3612,14448,Card,Delivered,5
10386,04/11/2024,Shaurya Reddy,Bangalore,Furniture,Table,3,4677,14031,UPI,Delivered,2
10387,12/07/2024,Riya Khan,Bangalore,Clothing,Jeans,5,1177,5885,Card,Delivered,3
10388,29/12/2024,Vivaan Patel,Chennai,Grocery,Rice,3,4020,12060,UPI,Cancelled,
10389,02/07/2024,Sara Singh,Bangalore,Grocery,Snacks,5,4706,23530,UPI,Delivered,3
10390,25/07/2024,Reyansh Gupta,Chennai,Clothing,Shoes,5,4599,22995,COD,Delivered,2
10391,31/08/2024,Aarav Verma,Chennai,Grocery,Oil,5,4545,22725,NetBanking,Cancelled,
10392,21/01/2024,Aadhya Verma,Kolkata,Clothing,Kurta,5,2197,10985,COD,Delivered,3
10393,20/09/2024,Kiara Reddy,Delhi,Grocery,Rice,5,3271,16355,COD,Pending,
10394,19/02/2024,Riya Sharma,Mumbai,Clothing,Jacket,5,874,4370,Card,Delivered,5
10395,02/10/2024,Myra Verma,Bangalore,Clothing,Shoes,1,1884,1884,UPI,Pending,
10396,07/02/2024,Riya Verma,Ahmedabad,Furniture,Sofa,1,916,916,Card,Delivered,3
10397,18/11/2024,Aarav Nair,Mumbai,Grocery,Snacks,4,3895,15580,UPI,Delivered,3
10398,02/07/2024,Vihaan Khan,Pune,Electronics,Tablet,1,794,794,UPI,Cancelled,
10399,04/12/2024,Riya Singh,Bangalore,Grocery,Snacks,4,3436,13744,NetBanking,Delivered,2
10400,06/01/2024,Arjun Verma,Delhi,Grocery,Oil,3,3256,9768,UPI,Delivered,5
10401,05/06/2024,Reyansh Nair,Lucknow,Furniture,Shelf,5,897,4485,Card,Delivered,3
10402,09/04/2024,Vivaan Reddy,Lucknow,Clothing,Jeans,2,2270,4540,UPI,Delivered,5
10403,11/04/2024,Ananya Gupta,Bangalore,Grocery,Rice,3,1004,3012,Card,Delivered,4
10404,09/04/2024,Ananya Khan,Ahmedabad,Electronics,Headphones,5,771,3855,Card,Delivered,4
10405,03/01/2024,Myra Khan,Chennai,Grocery,Milk,4,1581,6324,Card,Delivered,2
10406,02/07/2024,Riya Verma,Bangalore,Grocery,Snacks,4,3848,15392,UPI,Delivered,4
10407,14/05/2024,Aditya Sharma,Lucknow,Grocery,Oil,5,1809,9045,UPI,Delivered,1
10408,09/10/2024,Anika Patel,Chennai,Furniture,Shelf,2,500,1000,NetBanking,Delivered,5
10409,25/08/2024,Aadhya Gupta,Lucknow,Clothing,Kurta,3,1296,3888,UPI,Delivered,1
10410,12/03/2024,Pooja Patel,Jaipur,Clothing,Kurta,2,4411,8822,COD,Delivered,2
10411,02/02/2024,Vivaan Singh,Lucknow,Electronics,Smartphone,4,2098,8392,COD,Delivered,2
10412,21/01/2024,Ananya Verma,Lucknow,Furniture,Bed,4,580,2320,COD,Cancelled,
10413,30/03/2024,Diya Verma,Lucknow,Grocery,Tea,5,4870,24350,COD,Delivered,4
10414,29/06/2024,Diya Reddy,Jaipur,Furniture,Table,5,3524,17620,UPI,Pending,
10415,09/02/2024,Reyansh Patel,Bangalore,Clothing,Shoes,2,2084,4168,Card,Delivered,3
10416,31/07/2024,Vihaan Reddy,Jaipur,Grocery,Tea,1,2086,2086,NetBanking,Pending,
10417,12/01/2024,Pooja Patel,Bangalore,Clothing,Kurta,2,3566,7132,UPI,Delivered,2
10418,02/04/2024,Neha Sharma,Pune,Clothing,T-Shirt,2,2315,4630,UPI,Delivered,4
10419,03/09/2024,Neha Patel,Ahmedabad,Clothing,Shoes,5,4061,20305,Card,Delivered,4
10420,01/11/2024,Aadhya Nair,Bangalore,Grocery,Oil,3,3914,11742,UPI,Delivered,2
10421,16/12/2024,Neha Verma,Bangalore,Electronics,Smartphone,5,4331,21655,NetBanking,Delivered,2
10422,17/02/2024,Neha Sharma,Kolkata,Electronics,Tablet,5,1162,5810,NetBanking,Delivered,2
10423,27/04/2024,Anika Nair,Chennai,Grocery,Rice,5,3714,18570,UPI,Cancelled,
10424,29/04/2024,Aditya Khan,Ahmedabad,Furniture,Table,3,4108,12324,NetBanking,Cancelled,
10425,22/10/2024,Aarav Nair,Hyderabad,Grocery,Oil,1,258,258,COD,Delivered,5
10426,06/08/2024,Ishaan Nair,Ahmedabad,Furniture,Sofa,1,1467,1467,COD,Delivered,3
10427,09/10/2024,Anika Patel,Chennai,Grocery,Snacks,2,3585,7170,NetBanking,Pending,
10428,27/12/2024,Vihaan Singh,Jaipur,Grocery,Milk,5,3020,15100,Card,Delivered,2
10429,22/06/2024,Neha Sharma,Bangalore,Electronics,Smartphone,5,3481,17405,NetBanking,Pending,
10430,03/11/2024,Ishaan Singh,Chennai,Electronics,Laptop,2,4063,8126,UPI,Delivered,1
10431,26/05/2024,Vivaan Patel,Jaipur,Electronics,Smartwatch,4,4468,17872,NetBanking,Delivered,5
10432,09/04/2024,Sara Singh,Ahmedabad,Electronics,Smartphone,5,2542,12710,Card,Delivered,5
10433,21/03/2024,Aadhya Gupta,Kolkata,Electronics,Headphones,2,202,404,NetBanking,Delivered,3
10434,16/02/2024,Pooja Gupta,Chennai,Clothing,Kurta,1,762,762,COD,Delivered,5
10435,25/07/2024,Sai Nair,Lucknow,Clothing,Kurta,2,3925,7850,UPI,Delivered,3
10436,29/02/2024,Ishaan Khan,Jaipur,Electronics,Tablet,3,2985,8955,NetBanking,Pending,
10437,14/12/2024,Aarav Reddy,Mumbai,Furniture,Table,3,3958,11874,COD,Delivered,5
10438,10/06/2024,Sara Sharma,Pune,Electronics,Smartwatch,2,2083,4166,Card,Delivered,3
10439,08/02/2024,Anika Gupta,Chennai,Grocery,Rice,4,3001,12004,Card,Delivered,2
10440,12/04/2024,Ishaan Singh,Hyderabad,Grocery,Oil,2,4287,8574,Card,Delivered,2
10441,24/02/2024,Anika Sharma,Lucknow,Clothing,Kurta,3,1477,4431,UPI,Delivered,1
10442,09/09/2024,Pooja Khan,Jaipur,Furniture,Sofa,5,2783,13915,Card,Pending,
10443,06/03/2024,Anika Sharma,Lucknow,Grocery,Snacks,2,4924,9848,COD,Delivered,4
10444,23/12/2024,Aarav Sharma,Hyderabad,Furniture,Table,4,1186,4744,NetBanking,Delivered,3
10445,05/04/2024,Ishaan Reddy,Ahmedabad,Electronics,Headphones,3,2327,6981,COD,Delivered,2
10446,17/04/2024,Diya Nair,Pune,Grocery,Oil,4,3672,14688,NetBanking,Delivered,3
10447,17/12/2024,Ishaan Singh,Lucknow,Clothing,Kurta,2,4917,9834,NetBanking,Delivered,1
10448,30/08/2024,Sai Nair,Jaipur,Furniture,Table,2,1425,2850,Card,Pending,
10449,14/10/2024,Vivaan Nair,Mumbai,Grocery,Snacks,3,2255,6765,Card,Pending,
10450,18/11/2024,Ishaan Gupta,Chennai,Electronics,Smartphone,3,4103,12309,COD,Delivered,3
10451,28/06/2024,Neha Singh,Ahmedabad,Grocery,Rice,4,1193,4772,Card,Pending,
10452,06/09/2024,Aditya Nair,Ahmedabad,Grocery,Milk,3,4381,13143,COD,Delivered,4
10453,03/08/2024,Aadhya Verma,Mumbai,Furniture,Table,2,2963,5926,Card,Delivered,5
10454,30/11/2024,Neha Nair,Pune,Grocery,Oil,3,2795,8385,NetBanking,Delivered,3
10455,30/07/2024,Arjun Singh,Pune,Grocery,Tea,5,3888,19440,UPI,Delivered,1
10456,18/02/2024,Riya Sharma,Delhi,Clothing,Jeans,4,1043,4172,NetBanking,Delivered,4
10457,13/02/2024,Shaurya Singh,Hyderabad,Electronics,Laptop,3,1472,4416,COD,Delivered,4
10458,28/03/2024,Ananya Reddy,Jaipur,Furniture,Table,2,4515,9030,COD,Delivered,3
10459,29/10/2024,Myra Khan,Chennai,Furniture,Table,5,1650,8250,NetBanking,Delivered,5
10460,06/07/2024,Shaurya Sharma,Delhi,Clothing,T-Shirt,4,2722,10888,Card,Delivered,2
10461,05/01/2024,Anika Khan,Delhi,Grocery,Milk,4,4583,18332,NetBanking,Delivered,4
10462,07/10/2024,Riya Nair,Kolkata,Grocery,Tea,2,259,518,Card,Delivered,4
10463,14/05/2024,Sara Khan,Pune,Clothing,Shoes,4,2007,8028,COD,Delivered,2
10464,10/03/2024,Neha Reddy,Pune,Furniture,Table,1,1694,1694,NetBanking,Delivered,4
10465,26/01/2024,Aarav Patel,Mumbai,Clothing,Jacket,1,1446,1446,COD,Cancelled,
10466,29/04/2024,Anika Singh,Chennai,Grocery,Oil,4,267,1068,NetBanking,Delivered,1
10467,22/12/2024,Ananya Verma,Bangalore,Grocery,Snacks,3,3998,11994,UPI,Pending,
10468,28/08/2024,Aadhya Sharma,Mumbai,Grocery,Snacks,1,4649,4649,Card,Delivered,3
10469,11/04/2024,Sara Singh,Jaipur,Furniture,Bed,2,474,948,NetBanking,Delivered,1
10470,08/10/2024,Anika Khan,Hyderabad,Grocery,Milk,2,545,1090,COD,Delivered,3
10471,20/11/2024,Sai Khan,Ahmedabad,Electronics,Smartphone,1,2133,2133,UPI,Delivered,1
10472,24/10/2024,Anika Patel,Chennai,Furniture,Table,1,544,544,UPI,Pending,
10473,17/12/2024,Vivaan Gupta,Bangalore,Clothing,Jeans,4,948,3792,UPI,Delivered,1
10474,12/10/2024,Diya Reddy,Hyderabad,Clothing,Shoes,2,2794,5588,UPI,Pending,
10475,21/01/2024,Riya Khan,Lucknow,Furniture,Sofa,2,2253,4506,NetBanking,Delivered,4
10476,27/06/2024,Ishaan Patel,Mumbai,Clothing,Kurta,2,4653,9306,Card,Delivered,4
10477,06/07/2024,Aadhya Patel,Delhi,Furniture,Sofa,3,4636,13908,COD,Delivered,5
10478,17/07/2024,Riya Patel,Ahmedabad,Clothing,Jacket,1,4615,4615,COD,Delivered,4
10479,19/02/2024,Vivaan Patel,Bangalore,Grocery,Snacks,3,1104,3312,UPI,Delivered,1
10480,20/02/2024,Anika Khan,Delhi,Clothing,T-Shirt,4,1769,7076,COD,Delivered,4
10481,16/04/2024,Kiara Sharma,Chennai,Clothing,Kurta,1,307,307,NetBanking,Delivered,1
10482,27/09/2024,Shaurya Verma,Hyderabad,Grocery,Rice,5,2377,11885,UPI,Delivered,1
10483,07/04/2024,Pooja Patel,Lucknow,Electronics,Smartphone,5,3356,16780,NetBanking,Delivered,2
10484,25/12/2024,Sai Patel,Lucknow,Electronics,Tablet,3,3957,11871,NetBanking,Delivered,1
10485,29/06/2024,Riya Gupta,Chennai,Grocery,Oil,5,3829,19145,NetBanking,Cancelled,
10486,15/10/2024,Riya Khan,Chennai,Furniture,Sofa,5,2171,10855,NetBanking,Delivered,4
10487,25/05/2024,Arjun Khan,Delhi,Furniture,Bed,1,483,483,COD,Delivered,5
10488,19/12/2024,Riya Patel,Mumbai,Clothing,Jeans,3,377,1131,UPI,Pending,
10489,15/05/2024,Krishna Singh,Pune,Furniture,Sofa,2,1333,2666,COD,Delivered,5
10490,21/04/2024,Anika Patel,Jaipur,Electronics,Tablet,4,4861,19444,UPI,Delivered,3
10491,10/02/2024,Ananya Gupta,Kolkata,Grocery,Rice,5,3325,16625,NetBanking,Pending,
10492,20/11/2024,Vivaan Khan,Lucknow,Electronics,Smartphone,5,293,1465,UPI,Delivered,4
10493,16/06/2024,Arjun Sharma,Kolkata,Grocery,Tea,5,1425,7125,NetBanking,Delivered,2
10494,20/07/2024,Aditya Reddy,Ahmedabad,Electronics,Smartphone,4,2573,10292,UPI,Delivered,3
10495,13/09/2024,Arjun Reddy,Lucknow,Furniture,Sofa,1,3464,3464,Card,Delivered,2
10496,14/10/2024,Krishna Singh,Mumbai,Furniture,Bed,5,1806,9030,COD,Delivered,5
10497,27/02/2024,Diya Gupta,Hyderabad,Furniture,Sofa,5,933,4665,COD,Delivered,4
10498,27/03/2024,Neha Reddy,Ahmedabad,Grocery,Tea,1,2697,2697,Card,Cancelled,
10499,16/12/2024,Vihaan Sharma,Hyderabad,Furniture,Chair,2,1835,3670,Card,Delivered,1
10500,05/06/2024,Ananya Singh,Lucknow,Grocery,Rice,3,1111,3333,Card,Delivered,1
10501,07/10/2024,Aarav Nair,Ahmedabad,Clothing,Kurta,5,2318,11590,UPI,Delivered,2
10502,12/04/2024,Neha Khan,Delhi,Grocery,Oil,1,2526,2526,NetBanking,Pending,
10503,05/12/2024,Diya Verma,Delhi,Electronics,Laptop,4,2422,9688,COD,Pending,
10504,29/12/2024,Anika Verma,Bangalore,Furniture,Table,4,4365,17460,Card,Delivered,3
10505,06/05/2024,Shaurya Gupta,Jaipur,Furniture,Shelf,1,525,525,NetBanking,Cancelled,
10506,30/06/2024,Sara Khan,Delhi,Clothing,T-Shirt,3,3082,9246,COD,Delivered,2
10507,25/04/2024,Arjun Verma,Kolkata,Furniture,Chair,5,2495,12475,Card,Delivered,4
10508,06/08/2024,Neha Gupta,Jaipur,Furniture,Table,5,1451,7255,Card,Cancelled,
10509,16/12/2024,Arjun Khan,Lucknow,Clothing,Jeans,5,4634,23170,Card,Pending,
10510,11/06/2024,Vihaan Patel,Chennai,Furniture,Table,5,1494,7470,Card,Delivered,5
10511,04/06/2024,Arjun Singh,Mumbai,Electronics,Headphones,4,3568,14272,Card,Delivered,3
10512,06/11/2024,Neha Singh,Hyderabad,Clothing,T-Shirt,5,2386,11930,UPI,Delivered,2
10513,14/09/2024,Anika Gupta,Bangalore,Grocery,Rice,4,1298,5192,NetBanking,Pending,
10514,08/04/2024,Aarav Khan,Kolkata,Furniture,Bed,2,1541,3082,Card,Delivered,4
10515,12/08/2024,Anika Gupta,Jaipur,Clothing,Jeans,1,1650,1650,Card,Pending,
10516,09/06/2024,Neha Sharma,Lucknow,Furniture,Bed,1,3316,3316,UPI,Delivered,5
10517,22/09/2024,Riya Nair,Lucknow,Furniture,Bed,1,2212,2212,UPI,Delivered,1
10518,04/06/2024,Kiara Patel,Kolkata,Clothing,Jacket,4,3460,13840,COD,Delivered,3
10519,26/11/2024,Vihaan Patel,Ahmedabad,Electronics,Tablet,2,3997,7994,Card,Delivered,5
10520,13/01/2024,Reyansh Reddy,Mumbai,Furniture,Bed,3,3893,11679,COD,Delivered,5
10521,28/02/2024,Aditya Nair,Lucknow,Grocery,Oil,1,947,947,Card,Delivered,3
10522,28/03/2024,Pooja Patel,Bangalore,Furniture,Shelf,4,559,2236,Card,Cancelled,
10523,07/06/2024,Shaurya Patel,Mumbai,Clothing,T-Shirt,4,2723,10892,Card,Delivered,4
10524,07/01/2024,Riya Sharma,Ahmedabad,Clothing,T-Shirt,5,2273,11365,NetBanking,Delivered,4
10525,20/08/2024,Neha Sharma,Hyderabad,Clothing,Jeans,5,4097,20485,COD,Delivered,1
10526,29/01/2024,Arjun Sharma,Ahmedabad,Clothing,T-Shirt,2,1414,2828,COD,Delivered,1
10527,01/08/2024,Sai Khan,Ahmedabad,Grocery,Rice,1,1092,1092,Card,Cancelled,
10528,17/02/2024,Diya Nair,Mumbai,Furniture,Shelf,3,493,1479,NetBanking,Delivered,3
10529,03/03/2024,Ananya Nair,Lucknow,Electronics,Headphones,4,1302,5208,Card,Delivered,3
10530,19/10/2024,Aditya Reddy,Ahmedabad,Clothing,Kurta,1,1095,1095,COD,Delivered,5
10531,26/09/2024,Diya Patel,Ahmedabad,Furniture,Shelf,3,2327,6981,NetBanking,Delivered,5
10532,28/12/2024,Aarav Verma,Delhi,Furniture,Bed,2,2106,4212,NetBanking,Delivered,2
10533,30/07/2024,Riya Singh,Delhi,Electronics,Smartphone,5,3596,17980,Card,Delivered,3
10534,02/06/2024,Aarav Verma,Chennai,Grocery,Milk,1,2721,2721,COD,Delivered,3
10535,30/03/2024,Anika Reddy,Delhi,Furniture,Shelf,5,438,2190,Card,Delivered,3
10536,20/06/2024,Vivaan Khan,Ahmedabad,Furniture,Table,4,4598,18392,COD,Delivered,4
10537,30/06/2024,Ishaan Sharma,Chennai,Electronics,Smartphone,5,2917,14585,NetBanking,Delivered,2
10538,05/04/2024,Ananya Sharma,Pune,Clothing,Kurta,5,3391,16955,NetBanking,Delivered,3
10539,19/08/2024,Shaurya Singh,Lucknow,Electronics,Smartwatch,2,3244,6488,COD,Pending,
10540,13/04/2024,Kiara Sharma,Jaipur,Clothing,T-Shirt,3,506,1518,Card,Cancelled,
10541,07/06/2024,Vihaan Patel,Hyderabad,Clothing,Jacket,4,4489,17956,UPI,Delivered,2
10542,03/01/2024,Neha Verma,Chennai,Furniture,Bed,5,1148,5740,NetBanking,Delivered,1
10543,12/01/2024,Reyansh Gupta,Hyderabad,Electronics,Laptop,5,2759,13795,Card,Delivered,3
10544,13/08/2024,Arjun Patel,Pune,Grocery,Milk,5,2814,14070,UPI,Delivered,3
10545,22/02/2024,Riya Gupta,Pune,Electronics,Tablet,5,4411,22055,Card,Delivered,3
10546,06/02/2024,Riya Reddy,Delhi,Grocery,Tea,2,1603,3206,Card,Delivered,3
10547,15/07/2024,Aadhya Patel,Ahmedabad,Electronics,Smartwatch,1,1067,1067,NetBanking,Delivered,4
10548,09/12/2024,Aditya Reddy,Ahmedabad,Grocery,Milk,3,1823,5469,Card,Pending,
10549,07/06/2024,Anika Singh,Hyderabad,Electronics,Smartwatch,1,3932,3932,Card,Delivered,4
10550,24/12/2024,Ananya Gupta,Jaipur,Grocery,Milk,4,1702,6808,NetBanking,Cancelled,
10551,28/06/2024,Shaurya Gupta,Ahmedabad,Electronics,Laptop,4,1124,4496,Card,Delivered,2
10552,11/10/2024,Riya Reddy,Kolkata,Electronics,Smartwatch,1,2869,2869,NetBanking,Delivered,3
10553,22/03/2024,Aadhya Verma,Chennai,Clothing,Kurta,2,4688,9376,Card,Cancelled,
10554,05/10/2024,Aditya Reddy,Mumbai,Furniture,Bed,5,3003,15015,NetBanking,Delivered,2
10555,31/03/2024,Aditya Verma,Ahmedabad,Grocery,Tea,1,3847,3847,NetBanking,Delivered,4
10556,21/04/2024,Pooja Sharma,Bangalore,Grocery,Snacks,1,941,941,Card,Pending,
10557,11/11/2024,Reyansh Gupta,Pune,Furniture,Shelf,3,3394,10182,COD,Delivered,2
10558,05/01/2024,Aadhya Patel,Pune,Furniture,Sofa,1,4973,4973,UPI,Delivered,5
10559,26/12/2024,Vihaan Khan,Delhi,Grocery,Tea,1,206,206,Card,Delivered,3
10560,30/12/2024,Myra Singh,Bangalore,Furniture,Shelf,4,2806,11224,NetBanking,Delivered,4
10561,03/07/2024,Arjun Khan,Bangalore,Clothing,Jeans,5,3350,16750,Card,Pending,
10562,06/09/2024,Aditya Patel,Kolkata,Electronics,Laptop,1,1379,1379,NetBanking,Delivered,2
10563,17/09/2024,Aadhya Gupta,Hyderabad,Furniture,Shelf,2,3922,7844,Card,Delivered,4
10564,12/09/2024,Krishna Khan,Kolkata,Furniture,Shelf,1,4934,4934,COD,Pending,
10565,26/12/2024,Anika Verma,Bangalore,Electronics,Laptop,5,4158,20790,COD,Delivered,5
10566,08/11/2024,Aditya Khan,Ahmedabad,Furniture,Shelf,1,4487,4487,UPI,Delivered,4
10567,20/08/2024,Pooja Gupta,Kolkata,Grocery,Tea,1,4040,4040,COD,Delivered,4
10568,21/12/2024,Shaurya Khan,Delhi,Grocery,Milk,2,489,978,NetBanking,Cancelled,
10569,15/11/2024,Aditya Patel,Lucknow,Clothing,Kurta,1,2590,2590,UPI,Delivered,4
10570,20/05/2024,Aarav Verma,Ahmedabad,Grocery,Milk,2,2501,5002,Card,Pending,
10571,13/05/2024,Krishna Reddy,Bangalore,Clothing,Shoes,3,1636,4908,UPI,Pending,
10572,10/09/2024,Aadhya Singh,Jaipur,Grocery,Rice,2,1462,2924,Card,Delivered,4
10573,24/11/2024,Vivaan Patel,Jaipur,Clothing,Kurta,3,645,1935,NetBanking,Delivered,1
10574,29/04/2024,Anika Khan,Bangalore,Furniture,Sofa,4,4562,18248,NetBanking,Delivered,4
10575,13/12/2024,Vivaan Verma,Lucknow,Electronics,Headphones,4,3329,13316,COD,Delivered,5
10576,18/05/2024,Ishaan Nair,Jaipur,Furniture,Shelf,3,2944,8832,Card,Delivered,1
10577,09/06/2024,Aditya Sharma,Kolkata,Clothing,Kurta,3,1673,5019,UPI,Delivered,1
10578,25/05/2024,Aarav Verma,Delhi,Electronics,Smartwatch,3,1997,5991,Card,Delivered,1
10579,11/07/2024,Sai Verma,Bangalore,Electronics,Laptop,1,1264,1264,COD,Delivered,5
10580,21/05/2024,Ishaan Patel,Mumbai,Grocery,Snacks,1,3914,3914,COD,Delivered,3
10581,31/01/2024,Sai Reddy,Mumbai,Electronics,Smartwatch,4,2925,11700,NetBanking,Delivered,3
10582,26/11/2024,Riya Nair,Hyderabad,Clothing,Kurta,4,1661,6644,UPI,Delivered,2
10583,07/02/2024,Kiara Sharma,Jaipur,Furniture,Sofa,1,485,485,Card,Delivered,3
10584,18/03/2024,Pooja Sharma,Lucknow,Electronics,Laptop,4,2382,9528,NetBanking,Delivered,4
10585,03/10/2024,Anika Verma,Ahmedabad,Furniture,Bed,4,774,3096,COD,Delivered,4
10586,19/11/2024,Aditya Gupta,Lucknow,Grocery,Milk,4,652,2608,COD,Cancelled,
10587,31/03/2024,Reyansh Khan,Kolkata,Electronics,Smartwatch,3,1863,5589,UPI,Delivered,4
10588,07/04/2024,Aarav Singh,Jaipur,Grocery,Snacks,1,3787,3787,NetBanking,Delivered,2
10589,30/09/2024,Kiara Sharma,Delhi,Electronics,Tablet,3,4293,12879,COD,Cancelled,
10590,01/03/2024,Kiara Patel,Ahmedabad,Electronics,Headphones,1,3521,3521,Card,Delivered,5
10591,30/11/2024,Vivaan Singh,Bangalore,Electronics,Laptop,2,4205,8410,UPI,Delivered,5
10592,21/08/2024,Aditya Verma,Mumbai,Clothing,T-Shirt,3,997,2991,NetBanking,Delivered,5
10593,21/06/2024,Aadhya Gupta,Mumbai,Clothing,T-Shirt,2,3691,7382,Card,Pending,
10594,20/06/2024,Arjun Nair,Bangalore,Grocery,Oil,1,1620,1620,COD,Delivered,3
10595,21/01/2024,Aadhya Patel,Delhi,Clothing,Shoes,2,4967,9934,NetBanking,Delivered,5
10596,15/02/2024,Shaurya Nair,Jaipur,Electronics,Laptop,1,1669,1669,Card,Delivered,5
10597,18/08/2024,Neha Sharma,Ahmedabad,Clothing,Jeans,3,4485,13455,Card,Delivered,2
10598,27/06/2024,Krishna Singh,Mumbai,Furniture,Shelf,1,2667,2667,UPI,Delivered,5
10599,25/08/2024,Ishaan Sharma,Hyderabad,Grocery,Tea,5,1996,9980,UPI,Delivered,2
10600,22/03/2024,Vivaan Gupta,Pune,Clothing,Shoes,4,1644,6576,Card,Delivered,1
10601,23/01/2024,Riya Patel,Bangalore,Furniture,Sofa,3,3912,11736,UPI,Delivered,1
10602,30/04/2024,Pooja Gupta,Kolkata,Furniture,Shelf,1,780,780,Card,Delivered,5
10603,26/04/2024,Reyansh Nair,Hyderabad,Grocery,Oil,1,2871,2871,UPI,Delivered,4
10604,11/08/2024,Kiara Patel,Kolkata,Furniture,Shelf,4,645,2580,COD,Delivered,5
10605,18/05/2024,Vivaan Sharma,Pune,Clothing,Shoes,2,3137,6274,Card,Delivered,2
10606,28/03/2024,Shaurya Patel,Ahmedabad,Electronics,Smartwatch,4,3626,14504,Card,Delivered,2
10607,07/09/2024,Reyansh Reddy,Jaipur,Clothing,T-Shirt,4,4474,17896,COD,Pending,
10608,16/06/2024,Pooja Patel,Ahmedabad,Electronics,Smartwatch,2,2230,4460,UPI,Delivered,2
10609,15/09/2024,Aadhya Reddy,Mumbai,Furniture,Chair,1,4055,4055,NetBanking,Delivered,5
10610,07/01/2024,Reyansh Patel,Chennai,Furniture,Table,1,4775,4775,COD,Delivered,4
10611,08/12/2024,Pooja Sharma,Jaipur,Clothing,T-Shirt,1,4130,4130,NetBanking,Delivered,4
10612,16/11/2024,Aditya Nair,Chennai,Clothing,Shoes,2,3234,6468,UPI,Delivered,1
10613,21/10/2024,Aditya Gupta,Delhi,Grocery,Snacks,3,4643,13929,COD,Pending,
10614,26/08/2024,Diya Patel,Lucknow,Electronics,Laptop,4,3194,12776,UPI,Delivered,3
10615,03/10/2024,Pooja Singh,Hyderabad,Clothing,Jeans,3,2154,6462,COD,Delivered,4
10616,21/05/2024,Diya Reddy,Jaipur,Grocery,Milk,5,3664,18320,UPI,Delivered,3
10617,19/08/2024,Reyansh Reddy,Mumbai,Furniture,Shelf,5,2594,12970,UPI,Delivered,1
10618,25/02/2024,Arjun Reddy,Bangalore,Furniture,Table,3,830,2490,Card,Delivered,1
10619,08/03/2024,Kiara Sharma,Pune,Electronics,Headphones,4,4635,18540,Card,Delivered,4
10620,26/11/2024,Ananya Gupta,Jaipur,Electronics,Laptop,2,4456,8912,NetBanking,Delivered,5
10621,05/06/2024,Krishna Reddy,Chennai,Furniture,Sofa,5,1280,6400,COD,Delivered,3
10622,21/08/2024,Neha Patel,Lucknow,Electronics,Smartphone,3,2529,7587,COD,Cancelled,
10623,01/05/2024,Pooja Patel,Jaipur,Clothing,Jeans,2,1520,3040,COD,Delivered,3
10624,28/12/2024,Diya Patel,Chennai,Grocery,Oil,2,4807,9614,NetBanking,Delivered,3
10625,13/01/2024,Arjun Reddy,Chennai,Clothing,Kurta,3,1195,3585,Card,Delivered,4
10626,27/11/2024,Shaurya Patel,Ahmedabad,Electronics,Tablet,5,2913,14565,NetBanking,Delivered,4
10627,12/03/2024,Shaurya Sharma,Kolkata,Grocery,Rice,4,528,2112,Card,Delivered,1
10628,29/01/2024,Pooja Singh,Pune,Furniture,Sofa,1,2873,2873,Card,Delivered,2
10629,12/12/2024,Sara Nair,Hyderabad,Electronics,Laptop,5,3849,19245,NetBanking,Delivered,1
10630,29/01/2024,Diya Nair,Bangalore,Grocery,Tea,5,4390,21950,NetBanking,Cancelled,
10631,25/05/2024,Kiara Verma,Hyderabad,Grocery,Snacks,3,299,897,NetBanking,Delivered,3
10632,05/08/2024,Arjun Verma,Bangalore,Furniture,Bed,3,1541,4623,Card,Delivered,4
10633,03/02/2024,Pooja Nair,Mumbai,Grocery,Snacks,5,2947,14735,UPI,Cancelled,
10634,11/10/2024,Arjun Singh,Bangalore,Furniture,Sofa,4,1632,6528,NetBanking,Delivered,5
10635,03/06/2024,Shaurya Reddy,Lucknow,Grocery,Tea,4,545,2180,NetBanking,Pending,
10636,14/05/2024,Vihaan Khan,Kolkata,Clothing,T-Shirt,1,1461,1461,Card,Delivered,4
10637,21/05/2024,Neha Gupta,Ahmedabad,Furniture,Table,1,1177,1177,NetBanking,Delivered,1
10638,10/07/2024,Aarav Khan,Bangalore,Furniture,Sofa,4,1179,4716,UPI,Delivered,5
10639,01/07/2024,Diya Nair,Chennai,Clothing,Jacket,4,1309,5236,UPI,Delivered,3
10640,20/09/2024,Vihaan Patel,Lucknow,Grocery,Milk,5,829,4145,COD,Delivered,2
10641,19/02/2024,Arjun Sharma,Bangalore,Grocery,Milk,3,3169,9507,COD,Delivered,3
10642,24/03/2024,Sara Singh,Hyderabad,Grocery,Snacks,4,2987,11948,UPI,Delivered,2
10643,08/03/2024,Anika Gupta,Pune,Furniture,Bed,1,1154,1154,COD,Cancelled,
10644,24/06/2024,Aarav Verma,Hyderabad,Clothing,Shoes,5,4485,22425,Card,Delivered,3
10645,17/04/2024,Myra Verma,Mumbai,Clothing,Jeans,3,1226,3678,UPI,Delivered,1
10646,25/02/2024,Pooja Sharma,Jaipur,Furniture,Bed,1,1808,1808,UPI,Delivered,5
10647,07/12/2024,Vihaan Singh,Ahmedabad,Grocery,Rice,1,2671,2671,Card,Delivered,1
10648,15/03/2024,Ishaan Gupta,Chennai,Clothing,Jacket,1,943,943,Card,Pending,
10649,20/02/2024,Aarav Singh,Hyderabad,Clothing,Kurta,5,759,3795,COD,Pending,
10650,19/04/2024,Anika Gupta,Ahmedabad,Clothing,Kurta,1,1008,1008,Card,Cancelled,
10651,13/07/2024,Krishna Nair,Mumbai,Furniture,Chair,2,3106,6212,COD,Delivered,5
10652,10/03/2024,Shaurya Sharma,Mumbai,Electronics,Smartwatch,1,4457,4457,COD,Delivered,3
10653,21/08/2024,Kiara Singh,Lucknow,Furniture,Chair,4,2523,10092,NetBanking,Delivered,3
10654,31/08/2024,Diya Patel,Delhi,Grocery,Snacks,2,770,1540,NetBanking,Cancelled,
10655,03/12/2024,Arjun Nair,Kolkata,Electronics,Smartwatch,4,4481,17924,UPI,Delivered,1
10656,22/06/2024,Vihaan Singh,Kolkata,Clothing,T-Shirt,3,1830,5490,NetBanking,Delivered,4
10657,25/11/2024,Diya Reddy,Ahmedabad,Grocery,Tea,5,2436,12180,NetBanking,Cancelled,
10658,20/08/2024,Anika Reddy,Hyderabad,Furniture,Shelf,3,1407,4221,Card,Delivered,3
10659,12/09/2024,Aadhya Gupta,Bangalore,Electronics,Laptop,1,758,758,COD,Delivered,2
10660,26/08/2024,Anika Khan,Lucknow,Electronics,Laptop,5,4232,21160,COD,Delivered,4
10661,15/07/2024,Kiara Reddy,Delhi,Electronics,Laptop,4,1175,4700,UPI,Delivered,4
10662,08/09/2024,Aadhya Reddy,Mumbai,Clothing,Kurta,3,1544,4632,NetBanking,Delivered,3
10663,16/09/2024,Anika Nair,Ahmedabad,Furniture,Bed,5,1480,7400,COD,Delivered,3
10664,29/10/2024,Diya Sharma,Chennai,Grocery,Milk,1,430,430,NetBanking,Delivered,3
10665,29/07/2024,Krishna Singh,Pune,Electronics,Smartwatch,3,3127,9381,UPI,Delivered,2
10666,27/03/2024,Vivaan Reddy,Kolkata,Electronics,Headphones,1,2965,2965,NetBanking,Delivered,3
10667,11/06/2024,Ananya Verma,Jaipur,Grocery,Rice,4,382,1528,UPI,Delivered,4
10668,07/12/2024,Shaurya Gupta,Kolkata,Clothing,Jacket,4,4318,17272,Card,Delivered,5
10669,27/05/2024,Pooja Nair,Hyderabad,Furniture,Chair,5,1953,9765,UPI,Delivered,3
10670,04/02/2024,Anika Nair,Hyderabad,Electronics,Tablet,3,2439,7317,COD,Delivered,5
10671,09/08/2024,Reyansh Nair,Kolkata,Electronics,Headphones,5,2656,13280,COD,Delivered,3
10672,17/11/2024,Pooja Reddy,Hyderabad,Furniture,Shelf,2,352,704,NetBanking,Delivered,2
10673,16/10/2024,Sara Singh,Chennai,Grocery,Tea,5,3753,18765,NetBanking,Delivered,1
10674,10/08/2024,Reyansh Nair,Pune,Clothing,Jeans,2,2659,5318,COD,Delivered,1
10675,26/07/2024,Reyansh Sharma,Hyderabad,Clothing,Jacket,5,2134,10670,COD,Delivered,2
10676,04/08/2024,Reyansh Patel,Pune,Furniture,Bed,5,3772,18860,Card,Delivered,1
10677,31/03/2024,Anika Sharma,Delhi,Electronics,Headphones,3,4711,14133,UPI,Delivered,1
10678,27/07/2024,Aditya Nair,Bangalore,Grocery,Tea,3,720,2160,Card,Pending,
10679,24/09/2024,Sara Khan,Jaipur,Electronics,Tablet,5,1188,5940,UPI,Delivered,5
10680,17/06/2024,Aadhya Singh,Kolkata,Clothing,Kurta,1,2767,2767,Card,Pending,
10681,20/05/2024,Pooja Sharma,Jaipur,Clothing,T-Shirt,2,1953,3906,COD,Delivered,3
10682,31/08/2024,Arjun Gupta,Jaipur,Electronics,Headphones,5,3671,18355,COD,Delivered,3
10683,05/12/2024,Vivaan Singh,Pune,Grocery,Rice,5,485,2425,NetBanking,Pending,
10684,01/05/2024,Aadhya Sharma,Kolkata,Grocery,Milk,1,4581,4581,COD,Pending,
10685,17/04/2024,Sai Reddy,Chennai,Grocery,Rice,2,2636,5272,NetBanking,Pending,
10686,29/08/2024,Myra Verma,Bangalore,Electronics,Headphones,1,4227,4227,COD,Delivered,3
10687,16/06/2024,Vivaan Patel,Jaipur,Electronics,Headphones,4,4686,18744,Card,Delivered,1
10688,09/06/2024,Sai Singh,Lucknow,Electronics,Smartwatch,2,2703,5406,Card,Delivered,1
10689,09/03/2024,Ananya Khan,Hyderabad,Furniture,Sofa,4,4118,16472,UPI,Delivered,5
10690,12/07/2024,Pooja Singh,Delhi,Furniture,Sofa,2,3423,6846,UPI,Cancelled,
10691,14/05/2024,Vivaan Nair,Ahmedabad,Clothing,T-Shirt,4,1824,7296,NetBanking,Delivered,2
10692,28/03/2024,Vihaan Sharma,Lucknow,Grocery,Oil,1,3214,3214,NetBanking,Cancelled,
10693,14/04/2024,Shaurya Reddy,Kolkata,Furniture,Bed,1,2038,2038,Card,Delivered,3
10694,24/05/2024,Myra Patel,Kolkata,Furniture,Table,5,1965,9825,Card,Delivered,2
10695,12/11/2024,Diya Reddy,Mumbai,Electronics,Headphones,3,2129,6387,UPI,Delivered,2
10696,17/12/2024,Myra Khan,Mumbai,Furniture,Table,3,3456,10368,UPI,Delivered,4
10697,29/08/2024,Neha Sharma,Delhi,Electronics,Laptop,3,2123,6369,COD,Cancelled,
10698,08/03/2024,Riya Sharma,Ahmedabad,Furniture,Sofa,4,3238,12952,Card,Cancelled,
10699,22/06/2024,Arjun Verma,Chennai,Grocery,Oil,5,4237,21185,NetBanking,Pending,
10700,23/01/2024,Anika Khan,Chennai,Clothing,Jacket,1,2766,2766,NetBanking,Cancelled,
10701,21/09/2024,Ananya Reddy,Bangalore,Grocery,Milk,5,2360,11800,NetBanking,Delivered,2
10702,27/04/2024,Ishaan Patel,Jaipur,Electronics,Smartphone,2,647,1294,NetBanking,Delivered,4
10703,01/07/2024,Riya Reddy,Jaipur,Electronics,Smartwatch,1,3816,3816,NetBanking,Cancelled,
10704,17/02/2024,Sai Patel,Lucknow,Electronics,Smartphone,1,3063,3063,COD,Delivered,3
10705,19/10/2024,Krishna Reddy,Mumbai,Clothing,Kurta,1,4509,4509,COD,Delivered,1
10706,10/07/2024,Ananya Patel,Delhi,Electronics,Headphones,1,3429,3429,UPI,Delivered,1
10707,31/10/2024,Vivaan Reddy,Chennai,Furniture,Bed,4,2406,9624,Card,Delivered,3
10708,29/01/2024,Neha Nair,Mumbai,Clothing,T-Shirt,3,2847,8541,NetBanking,Delivered,5
10709,15/02/2024,Sai Nair,Kolkata,Grocery,Oil,2,3467,6934,COD,Delivered,2
10710,09/08/2024,Neha Patel,Chennai,Clothing,T-Shirt,3,4221,12663,UPI,Delivered,3
10711,16/08/2024,Anika Khan,Ahmedabad,Grocery,Tea,2,4210,8420,NetBanking,Pending,
10712,10/08/2024,Vivaan Gupta,Jaipur,Electronics,Smartwatch,3,1726,5178,Card,Delivered,1
10713,12/02/2024,Aditya Reddy,Pune,Clothing,Shoes,5,4498,22490,Card,Delivered,4
10714,06/08/2024,Riya Verma,Delhi,Clothing,Jacket,2,4485,8970,UPI,Delivered,1
10715,04/12/2024,Diya Khan,Ahmedabad,Furniture,Bed,1,4006,4006,UPI,Delivered,3
10716,03/04/2024,Vivaan Verma,Kolkata,Electronics,Laptop,4,1670,6680,COD,Pending,
10717,15/11/2024,Ananya Patel,Hyderabad,Grocery,Tea,4,3885,15540,Card,Pending,
10718,10/08/2024,Aadhya Verma,Delhi,Electronics,Tablet,3,1071,3213,Card,Delivered,1
10719,04/06/2024,Diya Nair,Pune,Furniture,Bed,4,4187,16748,UPI,Delivered,5
10720,27/02/2024,Reyansh Sharma,Hyderabad,Clothing,Jeans,1,1763,1763,NetBanking,Pending,
10721,07/04/2024,Arjun Reddy,Kolkata,Clothing,Jeans,4,4612,18448,UPI,Delivered,4
10722,05/09/2024,Pooja Singh,Hyderabad,Electronics,Smartphone,2,3847,7694,COD,Delivered,4
10723,22/02/2024,Myra Reddy,Ahmedabad,Furniture,Chair,3,264,792,COD,Delivered,4
10724,19/09/2024,Anika Singh,Delhi,Electronics,Smartwatch,4,4182,16728,UPI,Delivered,5
10725,02/02/2024,Anika Verma,Jaipur,Furniture,Shelf,3,4732,14196,COD,Delivered,4
10726,27/05/2024,Diya Reddy,Hyderabad,Furniture,Bed,1,1521,1521,Card,Delivered,4
10727,30/05/2024,Myra Gupta,Jaipur,Grocery,Tea,4,1274,5096,Card,Delivered,4
10728,07/03/2024,Neha Reddy,Mumbai,Clothing,Jacket,1,4155,4155,NetBanking,Delivered,2
10729,12/10/2024,Diya Khan,Chennai,Furniture,Sofa,2,1915,3830,Card,Delivered,1
10730,21/06/2024,Krishna Verma,Lucknow,Clothing,Kurta,1,721,721,Card,Delivered,5
10731,24/01/2024,Ishaan Patel,Lucknow,Furniture,Sofa,3,3110,9330,UPI,Delivered,5
10732,24/02/2024,Neha Verma,Lucknow,Electronics,Smartwatch,4,1108,4432,UPI,Pending,
10733,04/07/2024,Kiara Reddy,Mumbai,Electronics,Smartphone,1,1882,1882,Card,Delivered,3
10734,13/04/2024,Aarav Singh,Jaipur,Grocery,Milk,2,1207,2414,COD,Delivered,4
10735,16/05/2024,Diya Singh,Bangalore,Grocery,Tea,2,898,1796,NetBanking,Delivered,4
10736,28/07/2024,Sara Gupta,Delhi,Clothing,Jeans,4,3586,14344,NetBanking,Pending,
10737,13/02/2024,Sai Nair,Delhi,Clothing,T-Shirt,5,770,3850,NetBanking,Delivered,4
10738,19/11/2024,Sara Khan,Kolkata,Electronics,Smartphone,5,673,3365,NetBanking,Cancelled,
10739,23/05/2024,Neha Patel,Kolkata,Grocery,Milk,3,264,792,NetBanking,Cancelled,
10740,23/12/2024,Reyansh Khan,Mumbai,Clothing,Kurta,5,3822,19110,UPI,Delivered,4
10741,03/10/2024,Sara Khan,Lucknow,Grocery,Snacks,2,4463,8926,COD,Delivered,1
10742,30/10/2024,Myra Verma,Delhi,Clothing,T-Shirt,1,4623,4623,COD,Delivered,3
10743,25/01/2024,Kiara Khan,Ahmedabad,Grocery,Tea,3,1214,3642,UPI,Delivered,1
10744,16/10/2024,Neha Singh,Chennai,Furniture,Sofa,2,4964,9928,COD,Delivered,5
10745,23/09/2024,Ananya Singh,Chennai,Grocery,Tea,2,3293,6586,NetBanking,Delivered,1
10746,11/02/2024,Arjun Reddy,Hyderabad,Electronics,Smartphone,4,3575,14300,NetBanking,Delivered,4
10747,28/10/2024,Ishaan Reddy,Kolkata,Electronics,Headphones,5,3499,17495,NetBanking,Delivered,4
10748,15/09/2024,Arjun Verma,Hyderabad,Furniture,Bed,2,1382,2764,NetBanking,Delivered,4
10749,08/07/2024,Vihaan Nair,Mumbai,Furniture,Chair,2,4779,9558,UPI,Cancelled,
10750,24/09/2024,Shaurya Gupta,Pune,Grocery,Tea,3,529,1587,COD,Delivered,3
10751,28/10/2024,Shaurya Singh,Bangalore,Furniture,Chair,2,1364,2728,NetBanking,Delivered,3
10752,04/02/2024,Myra Reddy,Ahmedabad,Electronics,Laptop,5,3056,15280,COD,Pending,
10753,06/11/2024,Sara Reddy,Jaipur,Furniture,Sofa,4,4093,16372,NetBanking,Delivered,2
10754,17/07/2024,Ananya Sharma,Jaipur,Clothing,Jacket,1,3555,3555,COD,Delivered,4
10755,18/11/2024,Shaurya Verma,Lucknow,Electronics,Smartphone,1,4885,4885,UPI,Pending,
10756,28/01/2024,Sara Singh,Jaipur,Clothing,Kurta,5,4925,24625,UPI,Cancelled,
10757,20/05/2024,Krishna Reddy,Mumbai,Electronics,Tablet,2,355,710,COD,Pending,
10758,12/01/2024,Myra Sharma,Lucknow,Furniture,Shelf,1,4226,4226,COD,Delivered,2
10759,20/02/2024,Arjun Patel,Pune,Furniture,Sofa,1,1139,1139,UPI,Delivered,3
10760,31/01/2024,Sai Sharma,Delhi,Clothing,Jacket,4,1586,6344,COD,Delivered,3
10761,30/07/2024,Ishaan Nair,Mumbai,Furniture,Chair,3,1367,4101,UPI,Pending,
10762,01/05/2024,Aadhya Verma,Pune,Clothing,Jeans,5,5000,25000,UPI,Delivered,5
10763,03/02/2024,Krishna Sharma,Pune,Grocery,Snacks,5,3534,17670,UPI,Delivered,4
10764,17/10/2024,Sara Singh,Bangalore,Clothing,Kurta,2,2695,5390,COD,Delivered,1
10765,11/10/2024,Kiara Khan,Bangalore,Clothing,Jeans,5,3671,18355,UPI,Delivered,1
10766,14/12/2024,Reyansh Khan,Delhi,Electronics,Smartwatch,3,2255,6765,Card,Delivered,3
10767,23/12/2024,Riya Khan,Kolkata,Electronics,Headphones,1,3438,3438,Card,Delivered,2
10768,19/05/2024,Ananya Singh,Jaipur,Grocery,Milk,3,3908,11724,COD,Delivered,3
10769,03/01/2024,Sai Nair,Lucknow,Electronics,Smartphone,1,4103,4103,NetBanking,Cancelled,
10770,02/10/2024,Vihaan Gupta,Kolkata,Furniture,Shelf,1,835,835,COD,Delivered,4
10771,24/08/2024,Kiara Sharma,Hyderabad,Furniture,Table,1,1222,1222,UPI,Delivered,2
10772,10/11/2024,Krishna Reddy,Chennai,Grocery,Milk,2,937,1874,UPI,Delivered,2
10773,04/01/2024,Vihaan Khan,Ahmedabad,Grocery,Snacks,5,1912,9560,NetBanking,Delivered,4
10774,10/12/2024,Sai Verma,Ahmedabad,Clothing,Kurta,2,4834,9668,Card,Delivered,5
10775,26/04/2024,Ishaan Singh,Delhi,Electronics,Smartphone,3,4868,14604,COD,Pending,
10776,14/06/2024,Ishaan Verma,Lucknow,Furniture,Chair,4,624,2496,NetBanking,Delivered,4
10777,24/04/2024,Riya Reddy,Chennai,Furniture,Sofa,5,556,2780,UPI,Delivered,4
10778,19/10/2024,Krishna Nair,Mumbai,Furniture,Table,3,870,2610,Card,Pending,
10779,02/02/2024,Aarav Reddy,Kolkata,Clothing,Jeans,3,2746,8238,UPI,Delivered,1
10780,30/08/2024,Vivaan Gupta,Lucknow,Grocery,Milk,2,1083,2166,Card,Delivered,3
10781,18/02/2024,Vihaan Verma,Delhi,Electronics,Tablet,5,3792,18960,UPI,Delivered,5
10782,01/02/2024,Kiara Sharma,Pune,Furniture,Sofa,1,1244,1244,NetBanking,Cancelled,
10783,27/01/2024,Aadhya Verma,Ahmedabad,Electronics,Laptop,1,4781,4781,NetBanking,Delivered,4
10784,20/08/2024,Neha Verma,Chennai,Clothing,Kurta,5,286,1430,UPI,Delivered,4
10785,25/02/2024,Aditya Singh,Ahmedabad,Furniture,Shelf,3,1776,5328,Card,Delivered,5
10786,13/11/2024,Arjun Sharma,Delhi,Grocery,Milk,4,4143,16572,Card,Delivered,2
10787,29/11/2024,Pooja Patel,Bangalore,Grocery,Tea,4,4403,17612,NetBanking,Delivered,3
10788,07/07/2024,Sara Patel,Delhi,Grocery,Tea,3,2584,7752,Card,Cancelled,
10789,12/04/2024,Aditya Gupta,Hyderabad,Electronics,Smartwatch,3,1800,5400,NetBanking,Delivered,2
10790,16/10/2024,Neha Khan,Kolkata,Furniture,Shelf,3,4938,14814,COD,Cancelled,
10791,10/09/2024,Krishna Singh,Jaipur,Clothing,T-Shirt,4,545,2180,Card,Delivered,1
10792,15/04/2024,Diya Sharma,Mumbai,Clothing,Shoes,3,3279,9837,COD,Delivered,1
10793,28/05/2024,Diya Sharma,Delhi,Electronics,Tablet,1,1366,1366,Card,Delivered,5
10794,14/05/2024,Riya Singh,Bangalore,Clothing,Jacket,2,1993,3986,Card,Delivered,3
10795,11/01/2024,Arjun Nair,Mumbai,Electronics,Smartphone,3,1028,3084,COD,Pending,
10796,08/07/2024,Sai Nair,Mumbai,Clothing,Jacket,4,2167,8668,UPI,Pending,
10797,29/09/2024,Ananya Nair,Hyderabad,Clothing,Jeans,2,1770,3540,UPI,Delivered,3
10798,16/06/2024,Arjun Reddy,Hyderabad,Clothing,Kurta,3,1417,4251,UPI,Delivered,3
10799,17/09/2024,Diya Reddy,Lucknow,Furniture,Shelf,1,1571,1571,NetBanking,Delivered,5
10800,21/12/2024,Anika Khan,Ahmedabad,Clothing,Jacket,3,4504,13512,NetBanking,Delivered,4
10801,19/08/2024,Aadhya Singh,Pune,Electronics,Smartphone,2,1862,3724,NetBanking,Pending,
10802,10/05/2024,Aditya Khan,Jaipur,Furniture,Shelf,2,3264,6528,COD,Delivered,2
10803,19/09/2024,Kiara Reddy,Kolkata,Clothing,Kurta,1,4011,4011,NetBanking,Delivered,4
10804,14/07/2024,Krishna Khan,Mumbai,Grocery,Snacks,3,2436,7308,COD,Delivered,4
10805,06/10/2024,Krishna Verma,Mumbai,Electronics,Headphones,5,4400,22000,UPI,Delivered,3
10806,19/06/2024,Ishaan Khan,Pune,Grocery,Rice,5,1840,9200,Card,Delivered,3
10807,02/06/2024,Aadhya Nair,Ahmedabad,Clothing,Kurta,3,269,807,UPI,Delivered,3
10808,26/04/2024,Anika Singh,Lucknow,Furniture,Shelf,2,3456,6912,NetBanking,Delivered,2
10809,06/04/2024,Reyansh Reddy,Jaipur,Furniture,Sofa,1,2764,2764,UPI,Delivered,4
10810,05/06/2024,Aarav Reddy,Chennai,Grocery,Oil,5,1251,6255,COD,Cancelled,
10811,19/12/2024,Pooja Sharma,Ahmedabad,Clothing,Shoes,4,3504,14016,UPI,Delivered,3
10812,18/11/2024,Neha Nair,Kolkata,Clothing,Jeans,3,4854,14562,Card,Pending,
10813,06/04/2024,Pooja Reddy,Pune,Furniture,Chair,5,3365,16825,UPI,Delivered,3
10814,17/01/2024,Neha Reddy,Delhi,Clothing,T-Shirt,5,1655,8275,Card,Pending,
10815,15/04/2024,Aditya Reddy,Delhi,Clothing,T-Shirt,4,2525,10100,COD,Delivered,5
10816,19/07/2024,Arjun Nair,Jaipur,Electronics,Smartphone,3,3565,10695,UPI,Delivered,1
10817,07/06/2024,Sai Khan,Ahmedabad,Furniture,Table,2,1884,3768,Card,Delivered,4
10818,14/03/2024,Neha Singh,Lucknow,Furniture,Sofa,2,260,520,COD,Delivered,4
10819,21/01/2024,Kiara Gupta,Pune,Furniture,Bed,4,4919,19676,NetBanking,Delivered,3
10820,12/11/2024,Aadhya Patel,Ahmedabad,Clothing,Shoes,2,1671,3342,UPI,Delivered,4
10821,20/05/2024,Riya Khan,Mumbai,Furniture,Chair,2,1493,2986,Card,Pending,
10822,07/07/2024,Sara Gupta,Kolkata,Furniture,Bed,5,1193,5965,NetBanking,Delivered,1
10823,23/01/2024,Kiara Nair,Chennai,Clothing,Jacket,2,4345,8690,NetBanking,Delivered,1
10824,08/05/2024,Ananya Reddy,Jaipur,Clothing,Shoes,1,287,287,NetBanking,Delivered,2
10825,12/08/2024,Sai Patel,Delhi,Electronics,Laptop,5,2184,10920,UPI,Delivered,3
10826,19/07/2024,Ishaan Patel,Jaipur,Clothing,Jacket,1,4579,4579,COD,Delivered,1
10827,20/04/2024,Sara Verma,Kolkata,Clothing,Jeans,1,4560,4560,COD,Delivered,1
10828,25/01/2024,Krishna Gupta,Hyderabad,Furniture,Chair,5,238,1190,Card,Delivered,2
10829,08/01/2024,Aditya Singh,Mumbai,Electronics,Laptop,4,428,1712,Card,Delivered,2
10830,25/02/2024,Ananya Singh,Ahmedabad,Clothing,T-Shirt,4,4398,17592,Card,Pending,
10831,19/04/2024,Sai Sharma,Kolkata,Furniture,Bed,1,2103,2103,COD,Delivered,3
10832,22/04/2024,Neha Gupta,Delhi,Electronics,Smartwatch,2,3958,7916,UPI,Delivered,3
10833,22/02/2024,Sai Khan,Mumbai,Clothing,Shoes,3,4292,12876,COD,Delivered,5
10834,21/11/2024,Anika Verma,Chennai,Furniture,Table,3,1636,4908,UPI,Delivered,3
10835,14/09/2024,Krishna Sharma,Ahmedabad,Furniture,Bed,5,2104,10520,UPI,Delivered,1
10836,13/11/2024,Diya Reddy,Pune,Grocery,Oil,4,2195,8780,Card,Delivered,2
10837,01/05/2024,Neha Reddy,Chennai,Clothing,Shoes,2,510,1020,Card,Cancelled,
10838,31/07/2024,Aarav Singh,Chennai,Grocery,Milk,1,4466,4466,COD,Delivered,3
10839,06/12/2024,Krishna Nair,Lucknow,Clothing,Jeans,5,642,3210,COD,Cancelled,
10840,08/09/2024,Vivaan Patel,Hyderabad,Clothing,Shoes,1,729,729,Card,Delivered,2
10841,14/04/2024,Myra Reddy,Pune,Electronics,Smartphone,5,4696,23480,Card,Delivered,1
10842,06/11/2024,Pooja Reddy,Hyderabad,Clothing,Jeans,4,1645,6580,COD,Delivered,3
10843,12/07/2024,Myra Nair,Bangalore,Furniture,Chair,3,3462,10386,NetBanking,Delivered,4
10844,02/06/2024,Riya Patel,Pune,Electronics,Smartwatch,4,881,3524,NetBanking,Delivered,2
10845,11/07/2024,Aditya Gupta,Bangalore,Furniture,Sofa,4,2520,10080,NetBanking,Delivered,4
10846,07/01/2024,Diya Reddy,Kolkata,Clothing,Jeans,2,234,468,NetBanking,Pending,
10847,06/06/2024,Aditya Nair,Delhi,Furniture,Sofa,4,4210,16840,UPI,Delivered,5
10848,11/08/2024,Diya Reddy,Chennai,Furniture,Shelf,2,1791,3582,UPI,Cancelled,
10849,01/09/2024,Aarav Patel,Pune,Furniture,Bed,2,2185,4370,NetBanking,Delivered,3
10850,05/12/2024,Aarav Verma,Mumbai,Clothing,Jacket,2,4937,9874,NetBanking,Pending,
10851,06/04/2024,Sai Nair,Pune,Furniture,Shelf,1,4447,4447,COD,Pending,
10852,15/02/2024,Diya Patel,Pune,Furniture,Shelf,3,3571,10713,Card,Delivered,5
10853,08/09/2024,Myra Nair,Pune,Furniture,Sofa,1,1579,1579,NetBanking,Delivered,1
10854,26/12/2024,Sai Verma,Jaipur,Clothing,Jeans,3,1726,5178,Card,Delivered,4
10855,08/04/2024,Kiara Verma,Bangalore,Clothing,Jeans,1,1696,1696,UPI,Delivered,4
10856,21/05/2024,Pooja Singh,Jaipur,Grocery,Rice,4,1221,4884,NetBanking,Delivered,1
10857,04/01/2024,Vihaan Singh,Lucknow,Electronics,Laptop,1,2379,2379,UPI,Delivered,1
10858,05/09/2024,Neha Nair,Chennai,Furniture,Shelf,5,2377,11885,COD,Delivered,3
10859,06/12/2024,Vivaan Gupta,Chennai,Grocery,Milk,2,3159,6318,UPI,Delivered,5
10860,14/01/2024,Ishaan Singh,Chennai,Electronics,Smartwatch,4,1337,5348,NetBanking,Delivered,5
10861,02/01/2024,Ananya Sharma,Chennai,Furniture,Shelf,4,1739,6956,UPI,Cancelled,
10862,23/07/2024,Diya Nair,Jaipur,Grocery,Snacks,2,4169,8338,UPI,Delivered,1
10863,30/12/2024,Pooja Sharma,Bangalore,Furniture,Sofa,5,1798,8990,NetBanking,Delivered,5
10864,27/03/2024,Vihaan Reddy,Lucknow,Electronics,Headphones,5,4024,20120,Card,Pending,
10865,24/02/2024,Sai Gupta,Kolkata,Clothing,Jeans,2,932,1864,COD,Delivered,1
10866,06/12/2024,Anika Verma,Chennai,Clothing,Jacket,4,1208,4832,Card,Delivered,5
10867,30/11/2024,Myra Singh,Hyderabad,Electronics,Headphones,4,3326,13304,COD,Delivered,5
10868,15/02/2024,Reyansh Verma,Ahmedabad,Electronics,Headphones,1,1112,1112,COD,Delivered,5
10869,01/01/2024,Riya Singh,Kolkata,Clothing,Jacket,4,4926,19704,NetBanking,Delivered,5
10870,05/12/2024,Vihaan Nair,Delhi,Grocery,Milk,2,4457,8914,NetBanking,Delivered,2
10871,12/09/2024,Neha Khan,Bangalore,Grocery,Oil,3,1993,5979,UPI,Delivered,2
10872,20/05/2024,Pooja Reddy,Hyderabad,Grocery,Milk,5,1211,6055,NetBanking,Cancelled,
10873,19/03/2024,Reyansh Singh,Delhi,Grocery,Snacks,1,2929,2929,Card,Pending,
10874,12/01/2024,Myra Reddy,Chennai,Furniture,Bed,3,1504,4512,NetBanking,Delivered,3
10875,24/05/2024,Riya Nair,Mumbai,Furniture,Chair,5,2518,12590,Card,Delivered,2
10876,22/08/2024,Arjun Reddy,Jaipur,Grocery,Tea,1,2690,2690,COD,Delivered,5
10877,29/11/2024,Vihaan Patel,Kolkata,Clothing,Jeans,2,1802,3604,NetBanking,Delivered,5
10878,30/08/2024,Vihaan Gupta,Ahmedabad,Clothing,T-Shirt,1,3112,3112,NetBanking,Delivered,1
10879,01/03/2024,Shaurya Patel,Kolkata,Clothing,Shoes,2,478,956,UPI,Delivered,4
10880,07/07/2024,Aditya Verma,Jaipur,Furniture,Bed,3,3846,11538,Card,Delivered,1
10881,02/09/2024,Pooja Patel,Kolkata,Electronics,Tablet,5,4890,24450,NetBanking,Delivered,1
10882,20/02/2024,Sai Nair,Delhi,Furniture,Sofa,5,1225,6125,NetBanking,Delivered,5
10883,02/10/2024,Reyansh Verma,Bangalore,Furniture,Chair,5,4990,24950,Card,Delivered,1
10884,03/03/2024,Reyansh Patel,Mumbai,Electronics,Tablet,4,2774,11096,COD,Delivered,5
10885,01/06/2024,Sai Nair,Delhi,Electronics,Laptop,1,4346,4346,Card,Delivered,5
10886,03/12/2024,Pooja Reddy,Chennai,Grocery,Rice,5,2603,13015,COD,Delivered,2
10887,19/01/2024,Reyansh Patel,Ahmedabad,Clothing,T-Shirt,1,2142,2142,Card,Delivered,3
10888,08/02/2024,Aadhya Patel,Kolkata,Grocery,Milk,2,3657,7314,NetBanking,Delivered,3
10889,01/10/2024,Reyansh Gupta,Ahmedabad,Electronics,Headphones,4,1373,5492,Card,Delivered,3
10890,13/07/2024,Krishna Verma,Pune,Furniture,Table,3,3752,11256,UPI,Delivered,5
10891,17/06/2024,Ananya Khan,Bangalore,Electronics,Tablet,4,740,2960,Card,Delivered,3
10892,23/04/2024,Vihaan Patel,Lucknow,Grocery,Rice,1,3289,3289,COD,Delivered,1
10893,24/12/2024,Riya Khan,Ahmedabad,Furniture,Chair,5,3058,15290,UPI,Delivered,3
10894,02/04/2024,Riya Nair,Jaipur,Electronics,Smartphone,3,3391,10173,Card,Delivered,5
10895,02/12/2024,Pooja Khan,Delhi,Grocery,Rice,5,1473,7365,COD,Delivered,4
10896,03/04/2024,Kiara Khan,Pune,Clothing,Kurta,4,3950,15800,NetBanking,Delivered,3
10897,27/07/2024,Aditya Verma,Hyderabad,Clothing,Jacket,1,2703,2703,UPI,Delivered,1
10898,26/05/2024,Aarav Nair,Lucknow,Clothing,Kurta,1,892,892,Card,Delivered,4
10899,23/12/2024,Neha Singh,Delhi,Furniture,Bed,5,4561,22805,NetBanking,Delivered,1
10900,06/11/2024,Sara Singh,Bangalore,Grocery,Oil,5,546,2730,UPI,Delivered,2
10901,27/01/2024,Sai Gupta,Mumbai,Grocery,Oil,5,3094,15470,COD,Delivered,4
10902,02/06/2024,Reyansh Sharma,Ahmedabad,Clothing,Kurta,1,2576,2576,NetBanking,Delivered,3
10903,25/08/2024,Anika Sharma,Chennai,Clothing,Jacket,5,490,2450,UPI,Pending,
10904,24/02/2024,Aadhya Gupta,Delhi,Furniture,Sofa,3,3099,9297,UPI,Delivered,2
10905,27/09/2024,Myra Verma,Jaipur,Furniture,Bed,2,894,1788,UPI,Delivered,2
10906,21/07/2024,Myra Patel,Lucknow,Clothing,Jacket,2,4055,8110,COD,Delivered,3
10907,12/03/2024,Aarav Gupta,Hyderabad,Electronics,Smartwatch,4,1525,6100,UPI,Delivered,4
10908,21/07/2024,Vivaan Patel,Hyderabad,Clothing,Jacket,1,1295,1295,NetBanking,Delivered,3
10909,08/10/2024,Ananya Nair,Lucknow,Grocery,Rice,4,4206,16824,NetBanking,Delivered,2
10910,05/03/2024,Aarav Singh,Delhi,Clothing,T-Shirt,1,373,373,COD,Delivered,5
10911,02/09/2024,Aditya Nair,Hyderabad,Furniture,Shelf,1,3758,3758,Card,Delivered,4
10912,14/05/2024,Krishna Nair,Hyderabad,Clothing,Jeans,3,1142,3426,NetBanking,Cancelled,
10913,06/04/2024,Pooja Patel,Hyderabad,Electronics,Tablet,5,1684,8420,UPI,Cancelled,
10914,08/04/2024,Myra Sharma,Ahmedabad,Clothing,Shoes,1,2443,2443,Card,Cancelled,
10915,25/09/2024,Krishna Gupta,Kolkata,Electronics,Laptop,4,3536,14144,NetBanking,Delivered,2
10916,04/06/2024,Ishaan Gupta,Kolkata,Electronics,Tablet,4,623,2492,Card,Delivered,3
10917,01/01/2024,Reyansh Khan,Jaipur,Grocery,Rice,2,534,1068,COD,Delivered,3
10918,08/09/2024,Vihaan Verma,Delhi,Electronics,Smartwatch,2,2266,4532,Card,Delivered,3
10919,05/11/2024,Reyansh Nair,Mumbai,Grocery,Milk,3,4532,13596,UPI,Delivered,3
10920,27/10/2024,Reyansh Singh,Jaipur,Clothing,Kurta,1,536,536,UPI,Cancelled,
10921,03/06/2024,Riya Patel,Delhi,Electronics,Tablet,5,3009,15045,Card,Delivered,2
10922,13/10/2024,Diya Reddy,Mumbai,Clothing,Shoes,5,2268,11340,NetBanking,Cancelled,
10923,14/09/2024,Sai Khan,Bangalore,Electronics,Smartwatch,4,4490,17960,COD,Pending,
10924,22/07/2024,Sara Verma,Bangalore,Electronics,Tablet,1,1758,1758,NetBanking,Delivered,5
10925,06/11/2024,Aarav Patel,Ahmedabad,Furniture,Shelf,4,3483,13932,Card,Delivered,2
10926,28/12/2024,Shaurya Singh,Pune,Electronics,Tablet,4,4327,17308,COD,Delivered,3
10927,30/09/2024,Arjun Khan,Bangalore,Electronics,Smartphone,2,573,1146,COD,Delivered,1
10928,29/02/2024,Neha Gupta,Chennai,Electronics,Smartphone,2,4579,9158,UPI,Delivered,3
10929,15/06/2024,Aarav Gupta,Hyderabad,Grocery,Oil,4,2615,10460,COD,Cancelled,
10930,02/12/2024,Pooja Verma,Kolkata,Clothing,Jacket,1,4602,4602,COD,Cancelled,
10931,17/05/2024,Arjun Reddy,Hyderabad,Clothing,Shoes,2,2856,5712,NetBanking,Delivered,4
10932,10/09/2024,Sai Singh,Ahmedabad,Grocery,Oil,4,967,3868,NetBanking,Delivered,2
10933,24/03/2024,Aadhya Singh,Mumbai,Clothing,Jacket,1,2740,2740,Card,Pending,
10934,26/11/2024,Vihaan Patel,Delhi,Electronics,Smartwatch,2,3927,7854,UPI,Cancelled,
10935,07/01/2024,Arjun Singh,Mumbai,Furniture,Bed,1,1101,1101,COD,Delivered,1
10936,24/02/2024,Aditya Singh,Bangalore,Clothing,Kurta,1,276,276,NetBanking,Delivered,3
10937,02/09/2024,Riya Khan,Lucknow,Furniture,Table,3,2917,8751,UPI,Delivered,1
10938,31/05/2024,Arjun Sharma,Hyderabad,Electronics,Laptop,1,4661,4661,UPI,Delivered,4
10939,29/06/2024,Aadhya Verma,Jaipur,Clothing,Shoes,4,1407,5628,Card,Delivered,2
10940,01/07/2024,Vihaan Gupta,Mumbai,Electronics,Smartphone,1,2508,2508,UPI,Delivered,3
10941,20/06/2024,Arjun Khan,Ahmedabad,Clothing,Jeans,4,4545,18180,COD,Delivered,4
10942,04/12/2024,Aditya Sharma,Bangalore,Grocery,Rice,3,4289,12867,Card,Delivered,3
10943,01/09/2024,Vihaan Nair,Pune,Grocery,Oil,4,3859,15436,Card,Pending,
10944,16/07/2024,Myra Reddy,Kolkata,Electronics,Headphones,2,1689,3378,COD,Delivered,4
10945,08/10/2024,Anika Singh,Kolkata,Clothing,Jeans,4,3629,14516,UPI,Delivered,5
10946,25/12/2024,Aarav Singh,Delhi,Furniture,Shelf,5,1996,9980,COD,Delivered,3
10947,27/06/2024,Shaurya Reddy,Bangalore,Furniture,Table,1,688,688,NetBanking,Delivered,2
10948,11/03/2024,Aadhya Sharma,Kolkata,Clothing,Jeans,2,657,1314,COD,Delivered,2
10949,01/09/2024,Sai Sharma,Bangalore,Electronics,Laptop,5,804,4020,COD,Pending,
10950,07/01/2024,Arjun Patel,Jaipur,Clothing,T-Shirt,2,831,1662,Card,Delivered,4
10951,15/08/2024,Aarav Khan,Mumbai,Grocery,Snacks,4,2963,11852,Card,Pending,
10952,14/09/2024,Myra Reddy,Lucknow,Electronics,Laptop,5,1621,8105,COD,Delivered,4
10953,19/05/2024,Sara Nair,Bangalore,Grocery,Oil,4,1484,5936,Card,Cancelled,
10954,19/07/2024,Neha Verma,Jaipur,Furniture,Shelf,1,1993,1993,NetBanking,Delivered,5
10955,28/01/2024,Myra Singh,Pune,Grocery,Snacks,4,1550,6200,UPI,Pending,
10956,15/01/2024,Riya Verma,Mumbai,Electronics,Laptop,3,2948,8844,Card,Delivered,2
10957,13/04/2024,Krishna Khan,Mumbai,Electronics,Headphones,2,4719,9438,UPI,Delivered,1
10958,17/02/2024,Aarav Gupta,Pune,Furniture,Chair,1,2777,2777,NetBanking,Cancelled,
10959,07/03/2024,Ananya Nair,Lucknow,Clothing,Jacket,4,3115,12460,UPI,Delivered,1
10960,01/09/2024,Shaurya Patel,Bangalore,Clothing,T-Shirt,5,3330,16650,NetBanking,Delivered,1
10961,14/12/2024,Sara Gupta,Jaipur,Electronics,Laptop,2,1966,3932,Card,Delivered,2
10962,21/01/2024,Aadhya Singh,Hyderabad,Grocery,Milk,3,3729,11187,UPI,Pending,
10963,08/01/2024,Riya Verma,Jaipur,Clothing,Kurta,4,997,3988,UPI,Delivered,3
10964,23/03/2024,Diya Gupta,Mumbai,Furniture,Sofa,2,2621,5242,UPI,Delivered,5
10965,11/05/2024,Arjun Verma,Ahmedabad,Clothing,Shoes,3,4076,12228,NetBanking,Delivered,4
10966,28/07/2024,Arjun Reddy,Chennai,Electronics,Headphones,3,3484,10452,COD,Pending,
10967,18/08/2024,Neha Sharma,Hyderabad,Grocery,Rice,4,4344,17376,UPI,Delivered,1
10968,22/03/2024,Krishna Nair,Jaipur,Clothing,T-Shirt,3,3278,9834,UPI,Delivered,1
10969,26/08/2024,Vihaan Nair,Kolkata,Grocery,Snacks,4,4583,18332,Card,Delivered,2
10970,24/06/2024,Anika Singh,Jaipur,Furniture,Sofa,1,2799,2799,UPI,Cancelled,
10971,20/03/2024,Arjun Singh,Chennai,Grocery,Snacks,1,4665,4665,UPI,Cancelled,
10972,30/08/2024,Aarav Nair,Pune,Furniture,Chair,3,3723,11169,COD,Delivered,2
10973,20/05/2024,Kiara Nair,Lucknow,Clothing,T-Shirt,2,767,1534,Card,Delivered,3
10974,07/08/2024,Sai Singh,Chennai,Grocery,Oil,1,957,957,NetBanking,Delivered,3
10975,22/12/2024,Aadhya Sharma,Lucknow,Furniture,Bed,5,1516,7580,Card,Delivered,5
10976,14/06/2024,Aarav Patel,Jaipur,Electronics,Tablet,5,1384,6920,Card,Delivered,3
10977,14/05/2024,Kiara Patel,Jaipur,Furniture,Sofa,1,3529,3529,UPI,Delivered,1
10978,22/12/2024,Neha Nair,Hyderabad,Electronics,Smartphone,2,3642,7284,COD,Delivered,2
10979,08/07/2024,Aarav Khan,Pune,Clothing,Jeans,5,317,1585,UPI,Pending,
10980,29/06/2024,Myra Gupta,Mumbai,Furniture,Bed,4,3561,14244,Card,Delivered,5
10981,10/10/2024,Myra Nair,Pune,Furniture,Bed,3,1649,4947,NetBanking,Delivered,5
10982,23/02/2024,Neha Nair,Mumbai,Grocery,Tea,1,917,917,NetBanking,Delivered,1
10983,17/01/2024,Reyansh Singh,Jaipur,Electronics,Smartwatch,5,4961,24805,NetBanking,Delivered,4
10984,28/06/2024,Kiara Nair,Kolkata,Electronics,Smartphone,4,1219,4876,UPI,Cancelled,
10985,17/05/2024,Ishaan Khan,Kolkata,Grocery,Oil,5,2523,12615,Card,Pending,
10986,14/01/2024,Sara Gupta,Chennai,Electronics,Smartwatch,1,327,327,Card,Delivered,3
10987,08/04/2024,Vivaan Nair,Bangalore,Furniture,Table,5,3406,17030,NetBanking,Delivered,4
10988,22/03/2024,Arjun Verma,Ahmedabad,Clothing,Shoes,3,4437,13311,NetBanking,Delivered,1
10989,14/04/2024,Myra Sharma,Ahmedabad,Grocery,Tea,2,2841,5682,Card,Delivered,1
10990,19/10/2024,Kiara Gupta,Bangalore,Electronics,Tablet,5,845,4225,Card,Delivered,2
10991,05/05/2024,Ishaan Sharma,Pune,Clothing,Jacket,2,4586,9172,UPI,Delivered,4
10992,26/02/2024,Vihaan Verma,Bangalore,Clothing,T-Shirt,5,1047,5235,COD,Delivered,5
10993,10/09/2024,Reyansh Nair,Mumbai,Grocery,Oil,1,833,833,NetBanking,Pending,
10994,16/11/2024,Aadhya Gupta,Jaipur,Electronics,Smartwatch,1,4185,4185,Card,Delivered,4
10995,03/12/2024,Vivaan Verma,Chennai,Clothing,Jacket,1,1663,1663,COD,Delivered,5
10996,03/01/2024,Vihaan Singh,Ahmedabad,Furniture,Shelf,5,4676,23380,UPI,Delivered,3
10997,20/04/2024,Vihaan Singh,Delhi,Electronics,Tablet,5,1448,7240,COD,Pending,
10998,17/05/2024,Aditya Gupta,Lucknow,Clothing,Jeans,1,1236,1236,COD,Delivered,2
10999,23/07/2024,Ishaan Patel,Hyderabad,Furniture,Bed,4,4399,17596,COD,Cancelled,
11000,25/03/2024,Anika Nair,Jaipur,Furniture,Chair,5,2752,13760,NetBanking,Pending,
